timestamp,pair,event,price,version,metrics_json
2025-12-14T05:45:14.826499+00:00,ETHUSDT,vol_spike,,0.2.0,"{""short_vol"": 0.00016728658185401663, ""long_vol"": 0.00016490553421567424, ""ratio"": 1.014438858281301, ""rolling_mean"": 3109.777666666667, ""rolling_std"": 2.2219203533198884, ""history_length"": 60}"
2025-12-14T05:45:27.106983+00:00,ETHUSDT,vol_spike,,0.2.0,"{""short_vol"": 0.00016751903338762123, ""long_vol"": 0.00016134972894704563, ""ratio"": 1.0382356046138779, ""rolling_mean"": 3109.8726666666666, ""rolling_std"": 2.246345330672189, ""history_length"": 60}"
2025-12-14T05:45:39.026975+00:00,ETHUSDT,vol_spike,,0.2.0,"{""short_vol"": 0.00016751903338762123, ""long_vol"": 0.00015849671974388035, ""ratio"": 1.0569242925552045, ""rolling_mean"": 3109.9795, ""rolling_std"": 2.2516069026514693, ""history_length"": 60}"
2025-12-14T05:47:38.060208+00:00,BTCUSDT,vol_spike,,0.2.0,"{""short_vol"": 8.491318260158951e-05, ""long_vol"": 7.393841011513267e-05, ""ratio"": 1.1484312750215693, ""rolling_mean"": 90140.16416666664, ""rolling_std"": 28.43477700565966, ""history_length"": 60}"
2025-12-14T05:47:49.849781+00:00,BTCUSDT,vol_spike,,0.2.0,"{""short_vol"": 8.951426483625458e-05, ""long_vol"": 7.588745851537019e-05, ""ratio"": 1.1795659860993293, ""rolling_mean"": 90142.38849999997, ""rolling_std"": 29.335642336093265, ""history_length"": 60}"
2025-12-14T05:48:01.789121+00:00,BTCUSDT,vol_spike,,0.2.0,"{""short_vol"": 8.970337973724876e-05, ""long_vol"": 7.618746965600404e-05, ""ratio"": 1.1774033202870597, ""rolling_mean"": 90144.73833333331, ""rolling_std"": 30.373924430516382, ""history_length"": 60}"
2025-12-14T05:48:13.540008+00:00,BTCUSDT,vol_spike,,0.2.0,"{""short_vol"": 8.970614111692144e-05, ""long_vol"": 7.618813415609312e-05, ""ratio"": 1.1774292953956955, ""rolling_mean"": 90147.08816666667, ""rolling_std"": 31.198398182026313, ""history_length"": 60}"
2025-12-14T05:48:25.462265+00:00,BTCUSDT,vol_spike,,0.2.0,"{""short_vol"": 8.970614111692144e-05, ""long_vol"": 7.618746686756012e-05, ""ratio"": 1.1774396079195204, ""rolling_mean"": 90149.43783333333, ""rolling_std"": 31.826022243380173, ""history_length"": 60}"
2025-12-14T05:48:37.234026+00:00,BTCUSDT,vol_spike,,0.2.0,"{""short_vol"": 8.970614111692144e-05, ""long_vol"": 7.563440922654087e-05, ""ratio"": 1.1860493396363128, ""rolling_mean"": 90151.78766666669, ""rolling_std"": 32.267631331589335, ""history_length"": 60}"
2025-12-14T05:58:48.331775+00:00,BTCUSDT,vol_spike,,0.2.0,"{""short_vol"": 0.00012038016114851673, ""long_vol"": 8.728514981596142e-05, ""ratio"": 1.379159701304693, ""rolling_mean"": 90153.52116666667, ""rolling_std"": 31.96025371081779, ""history_length"": 60}"
2025-12-14T05:58:48.331775+00:00,ETHUSDT,vol_spike,,0.2.0,"{""short_vol"": 0.0002454113752483487, ""long_vol"": 0.00020661776966470285, ""ratio"": 1.187755417390284, ""rolling_mean"": 3111.6403333333337, ""rolling_std"": 1.9512290491533384, ""history_length"": 60}"
2025-12-14T05:59:00.090187+00:00,BTCUSDT,vol_spike,,0.2.0,"{""short_vol"": 0.00012038016114851673, ""long_vol"": 8.728514981596141e-05, ""ratio"": 1.379159701304693, ""rolling_mean"": 90155.20833333333, ""rolling_std"": 31.640860364925643, ""history_length"": 60}"
2025-12-14T05:59:00.090187+00:00,ETHUSDT,vol_spike,,0.2.0,"{""short_vol"": 0.0002450339798376344, ""long_vol"": 0.00020472165515663968, ""ratio"": 1.1969128505245346, ""rolling_mean"": 3111.687000000001, ""rolling_std"": 1.9160422662617975, ""history_length"": 60}"
2025-12-14T05:59:11.875247+00:00,BTCUSDT,vol_spike,,0.2.0,"{""short_vol"": 0.00012037771058037436, ""long_vol"": 8.323807552056458e-05, ""ratio"": 1.4461856527501546, ""rolling_mean"": 90156.89566666669, ""rolling_std"": 31.225870867157536, ""history_length"": 60}"
2025-12-14T05:59:11.875247+00:00,ETHUSDT,vol_spike,,0.2.0,"{""short_vol"": 0.00024501527191600584, ""long_vol"": 0.00020433324298820178, ""ratio"": 1.1990964775621606, ""rolling_mean"": 3111.7436666666677, ""rolling_std"": 1.861262526375666, ""history_length"": 60}"
2025-12-14T05:59:23.645539+00:00,BTCUSDT,vol_spike,,0.2.0,"{""short_vol"": 0.00012037771058037436, ""long_vol"": 8.323807552056458e-05, ""ratio"": 1.4461856527501546, ""rolling_mean"": 90158.25566666668, ""rolling_std"": 31.256609029492918, ""history_length"": 60}"
2025-12-14T05:59:23.645539+00:00,ETHUSDT,vol_spike,,0.2.0,"{""short_vol"": 0.0002450363215654395, ""long_vol"": 0.00020432421164511577, ""ratio"": 1.1992524997039278, ""rolling_mean"": 3111.7945000000004, ""rolling_std"": 1.8144555377040819, ""history_length"": 60}"
2025-12-14T05:59:35.574159+00:00,BTCUSDT,vol_spike,,0.2.0,"{""short_vol"": 0.0001188027399603983, ""long_vol"": 8.323842689684122e-05, ""ratio"": 1.4272583515739976, ""rolling_mean"": 90159.61566666668, ""rolling_std"": 31.22714054036446, ""history_length"": 60}"
2025-12-14T05:59:35.574159+00:00,ETHUSDT,vol_spike,,0.2.0,"{""short_vol"": 0.00024509583953145995, ""long_vol"": 0.00020432421164511577, ""ratio"": 1.199543791497207, ""rolling_mean"": 3111.8455000000004, ""rolling_std"": 1.7646062844110566, ""history_length"": 60}"
2025-12-14T05:59:47.347117+00:00,BTCUSDT,vol_spike,,0.2.0,"{""short_vol"": 0.0001188027399603983, ""long_vol"": 8.323842689684122e-05, ""ratio"": 1.4272583515739976, ""rolling_mean"": 90160.97550000002, ""rolling_std"": 31.137531249091147, ""history_length"": 60}"
2025-12-14T05:59:47.347117+00:00,ETHUSDT,vol_spike,,0.2.0,"{""short_vol"": 0.00024507762897276267, ""long_vol"": 0.00020433324127726977, ""ratio"": 1.1994016609378053, ""rolling_mean"": 3111.896333333333, ""rolling_std"": 1.711789594494363, ""history_length"": 60}"
2025-12-14T05:59:59.264577+00:00,BTCUSDT,vol_spike,,0.2.0,"{""short_vol"": 0.0001183950407203217, ""long_vol"": 8.038886456803933e-05, ""ratio"": 1.4727791138300603, ""rolling_mean"": 90162.33516666667, ""rolling_std"": 30.986835449238335, ""history_length"": 60}"
2025-12-14T05:59:59.264577+00:00,ETHUSDT,vol_spike,,0.2.0,"{""short_vol"": 0.0002450569634397213, ""long_vol"": 0.00020340015016938123, ""ratio"": 1.2048022739199082, ""rolling_mean"": 3111.947, ""rolling_std"": 1.656049311474106, ""history_length"": 60}"
2025-12-14T06:00:11.042226+00:00,BTCUSDT,vol_spike,,0.2.0,"{""short_vol"": 0.0001202350792009324, ""long_vol"": 7.999924577486084e-05, ""ratio"": 1.5029526595701401, ""rolling_mean"": 90163.81283333336, ""rolling_std"": 30.26734936526254, ""history_length"": 60}"
2025-12-14T06:00:11.042226+00:00,ETHUSDT,vol_spike,,0.2.0,"{""short_vol"": 0.00024553787709060586, ""long_vol"": 0.00020396674250404247, ""ratio"": 1.2038132985613548, ""rolling_mean"": 3111.999333333333, ""rolling_std"": 1.5826558526800996, ""history_length"": 60}"
2025-12-14T06:00:22.801363+00:00,BTCUSDT,vol_spike,,0.2.0,"{""short_vol"": 0.00012023607860877618, ""long_vol"": 7.99996792044479e-05, ""ratio"": 1.5029570093837474, ""rolling_mean"": 90165.42366666671, ""rolling_std"": 29.153406520531977, ""history_length"": 60}"
2025-12-14T06:00:22.801363+00:00,ETHUSDT,vol_spike,,0.2.0,"{""short_vol"": 0.0002455134390825903, ""long_vol"": 0.00020396674250404247, ""ratio"": 1.2036934848715566, ""rolling_mean"": 3112.051833333333, ""rolling_std"": 1.5034000918445338, ""history_length"": 60}"
2025-12-14T06:00:34.578087+00:00,BTCUSDT,vol_spike,,0.2.0,"{""short_vol"": 0.00011460626300053896, ""long_vol"": 7.9401012930085e-05, ""ratio"": 1.4433854024186472, ""rolling_mean"": 90166.9996666667, ""rolling_std"": 27.869982878532877, ""history_length"": 60}"
2025-12-14T06:00:34.578087+00:00,ETHUSDT,vol_spike,,0.2.0,"{""short_vol"": 0.0002455598708981944, ""long_vol"": 0.00020343753975421067, ""ratio"": 1.2070528929659448, ""rolling_mean"": 3112.1045, ""rolling_std"": 1.417656726157739, ""history_length"": 60}"
2025-12-14T06:00:46.490758+00:00,BTCUSDT,vol_spike,,0.2.0,"{""short_vol"": 0.00011460626308639157, ""long_vol"": 7.91251199481481e-05, ""ratio"": 1.448418190853863, ""rolling_mean"": 90168.42316666669, ""rolling_std"": 26.824709674557113, ""history_length"": 60}"
2025-12-14T06:00:46.490758+00:00,ETHUSDT,vol_spike,,0.2.0,"{""short_vol"": 0.0002456523041754336, ""long_vol"": 0.00020158930123502234, ""ratio"": 1.218578082618782, ""rolling_mean"": 3112.1505, ""rolling_std"": 1.3435362206770305, ""history_length"": 60}"
2025-12-14T06:00:58.248998+00:00,BTCUSDT,vol_spike,,0.2.0,"{""short_vol"": 0.00010985788752452578, ""long_vol"": 7.805130935269842e-05, ""ratio"": 1.4075085791078754, ""rolling_mean"": 90169.74433333335, ""rolling_std"": 25.904940001805524, ""history_length"": 60}"
2025-12-14T06:00:58.248998+00:00,ETHUSDT,vol_spike,,0.2.0,"{""short_vol"": 0.0002451650283122158, ""long_vol"": 0.00020159195978015077, ""ratio"": 1.216144872938307, ""rolling_mean"": 3112.185, ""rolling_std"": 1.2934364948081607, ""history_length"": 60}"
2025-12-14T06:01:10.192344+00:00,BTCUSDT,vol_spike,,0.2.0,"{""short_vol"": 0.00010791619571494951, ""long_vol"": 6.997570797043912e-05, ""ratio"": 1.5421951252074242, ""rolling_mean"": 90170.89433333334, ""rolling_std"": 25.257622133114285, ""history_length"": 60}"
2025-12-14T06:01:10.192344+00:00,ETHUSDT,vol_spike,,0.2.0,"{""short_vol"": 0.00023502653068123897, ""long_vol"": 0.00017744919569493515, ""ratio"": 1.3244722229414265, ""rolling_mean"": 3112.2158333333327, ""rolling_std"": 1.2436186832701077, ""history_length"": 60}"
2025-12-14T06:01:21.955419+00:00,BTCUSDT,vol_spike,,0.2.0,"{""short_vol"": 8.54529384920898e-05, ""long_vol"": 6.997570797043913e-05, ""ratio"": 1.2211800490562945, ""rolling_mean"": 90171.63250000002, ""rolling_std"": 25.175804339732917, ""history_length"": 60}"
2025-12-14T06:01:21.955419+00:00,ETHUSDT,vol_spike,,0.2.0,"{""short_vol"": 0.00023456169036807618, ""long_vol"": 0.00017262350468904008, ""ratio"": 1.358805052594721, ""rolling_mean"": 3112.2011666666667, ""rolling_std"": 1.2567244100986497, ""history_length"": 60}"
2025-12-14T06:01:33.884909+00:00,BTCUSDT,vol_spike,,0.2.0,"{""short_vol"": 7.568373187305351e-05, ""long_vol"": 6.997593404426569e-05, ""ratio"": 1.0815680120136326, ""rolling_mean"": 90172.37066666668, ""rolling_std"": 25.071627820743718, ""history_length"": 60}"
2025-12-14T06:01:33.884909+00:00,ETHUSDT,vol_spike,,0.2.0,"{""short_vol"": 0.0002336485084797909, ""long_vol"": 0.00017123543377548734, ""ratio"": 1.3644869132993553, ""rolling_mean"": 3112.204333333334, ""rolling_std"": 1.2525463781347477, ""history_length"": 60}"
2025-12-14T06:01:45.638627+00:00,BTCUSDT,vol_spike,,0.2.0,"{""short_vol"": 7.187577482849062e-05, ""long_vol"": 6.997428687042174e-05, ""ratio"": 1.0271740955587023, ""rolling_mean"": 90173.10883333335, ""rolling_std"": 24.945113382517174, ""history_length"": 60}"
2025-12-14T06:01:45.638627+00:00,ETHUSDT,vol_spike,,0.2.0,"{""short_vol"": 0.00021996694939034638, ""long_vol"": 0.00017116294427733917, ""ratio"": 1.2851318392486226, ""rolling_mean"": 3112.218833333334, ""rolling_std"": 1.23109444441658, ""history_length"": 60}"
2025-12-14T06:01:57.566357+00:00,BTCUSDT,vol_spike,,0.2.0,"{""short_vol"": 7.18757748284906e-05, ""long_vol"": 6.997428687042175e-05, ""ratio"": 1.0271740955587019, ""rolling_mean"": 90173.84800000001, ""rolling_std"": 24.794488575665135, ""history_length"": 60}"
2025-12-14T06:01:57.566357+00:00,ETHUSDT,vol_spike,,0.2.0,"{""short_vol"": 0.00021991431277476907, ""long_vol"": 0.0001707993566283595, ""ratio"": 1.2875593744376816, ""rolling_mean"": 3112.2363333333337, ""rolling_std"": 1.2031286427782184, ""history_length"": 60}"
2025-12-14T06:02:09.337643+00:00,BTCUSDT,vol_spike,,0.2.0,"{""short_vol"": 7.187396149131908e-05, ""long_vol"": 6.99745161757846e-05, ""ratio"": 1.02714481527479, ""rolling_mean"": 90174.58700000001, ""rolling_std"": 24.62027497815535, ""history_length"": 60}"
2025-12-14T06:02:09.337643+00:00,ETHUSDT,vol_spike,,0.2.0,"{""short_vol"": 0.00022472573423771772, ""long_vol"": 0.0001717733505038688, ""ratio"": 1.308268911204921, ""rolling_mean"": 3112.2566666666676, ""rolling_std"": 1.1758973013306737, ""history_length"": 60}"
2025-12-14T06:02:21.265427+00:00,BTCUSDT,vol_spike,,0.2.0,"{""short_vol"": 7.193045722253633e-05, ""long_vol"": 6.996893199977188e-05, ""ratio"": 1.0280342312895507, ""rolling_mean"": 90175.33083333333, ""rolling_std"": 24.425204285297543, ""history_length"": 60}"
2025-12-14T06:02:21.265427+00:00,ETHUSDT,vol_spike,,0.2.0,"{""short_vol"": 0.00022468025686925134, ""long_vol"": 0.00017097265802967144, ""ratio"": 1.3141297530173464, ""rolling_mean"": 3112.2770000000005, ""rolling_std"": 1.147653907554609, ""history_length"": 60}"
2025-12-14T06:02:33.026640+00:00,BTCUSDT,vol_spike,,0.2.0,"{""short_vol"": 0.00010383270486639122, ""long_vol"": 8.986102193230116e-05, ""ratio"": 1.1554810153908104, ""rolling_mean"": 90176.73883333334, ""rolling_std"": 25.148173845596276, ""history_length"": 60}"
2025-12-14T06:02:45.075358+00:00,BTCUSDT,vol_spike,,0.2.0,"{""short_vol"": 0.00010383380596868373, ""long_vol"": 8.986169752882069e-05, ""ratio"": 1.1554845815747234, ""rolling_mean"": 90178.14666666668, ""rolling_std"": 25.772479847971344, ""history_length"": 60}"
2025-12-14T06:02:56.841752+00:00,BTCUSDT,vol_spike,,0.2.0,"{""short_vol"": 0.00010383490052545837, ""long_vol"": 8.986169752882069e-05, ""ratio"": 1.1554967620343046, ""rolling_mean"": 90179.55433333335, ""rolling_std"": 26.305719515136033, ""history_length"": 60}"
2025-12-14T06:03:08.788284+00:00,BTCUSDT,vol_spike,,0.2.0,"{""short_vol"": 0.0001038338063523764, ""long_vol"": 8.986136108656311e-05, ""ratio"": 1.1554889119958207, ""rolling_mean"": 90180.9621666667, ""rolling_std"": 26.753461622475623, ""history_length"": 60}"
2025-12-14T06:03:20.552070+00:00,BTCUSDT,vol_spike,,0.2.0,"{""short_vol"": 0.00010949632626043982, ""long_vol"": 9.191725978163401e-05, ""ratio"": 1.1912488092069764, ""rolling_mean"": 90182.16966666668, ""rolling_std"": 26.798363216312755, ""history_length"": 60}"
2025-12-14T06:03:32.312333+00:00,BTCUSDT,vol_spike,,0.2.0,"{""short_vol"": 0.00010949697592360695, ""long_vol"": 9.191725955218353e-05, ""ratio"": 1.1912558800933681, ""rolling_mean"": 90183.37700000002, ""rolling_std"": 26.7876706587567, ""history_length"": 60}"
2025-12-14T06:03:44.088460+00:00,BTCUSDT,vol_spike,,0.2.0,"{""short_vol"": 0.0001094956823561528, ""long_vol"": 9.190724382664425e-05, ""ratio"": 1.191371624228923, ""rolling_mean"": 90184.58466666666, ""rolling_std"": 26.721531054954287, ""history_length"": 60}"
2025-12-14T06:03:56.043536+00:00,BTCUSDT,vol_spike,,0.2.0,"{""short_vol"": 0.00010776279282871426, ""long_vol"": 9.190724361395563e-05, ""ratio"": 1.172516861471309, ""rolling_mean"": 90185.74683333332, ""rolling_std"": 26.66526792535654, ""history_length"": 60}"
2025-12-14T06:04:07.890161+00:00,BTCUSDT,vol_spike,,0.2.0,"{""short_vol"": 0.00010826821238194538, ""long_vol"": 9.208260202776801e-05, ""ratio"": 1.175772730111346, ""rolling_mean"": 90186.86066666665, ""rolling_std"": 26.50041802463146, ""history_length"": 60}"
2025-12-14T06:04:19.811055+00:00,BTCUSDT,vol_spike,,0.2.0,"{""short_vol"": 0.00010796452104319919, ""long_vol"": 9.136199971334045e-05, ""ratio"": 1.1817223942333923, ""rolling_mean"": 90187.97433333332, ""rolling_std"": 26.286835035016715, ""history_length"": 60}"
2025-12-14T06:04:31.570260+00:00,BTCUSDT,vol_spike,,0.2.0,"{""short_vol"": 0.00010796452127566651, ""long_vol"": 9.136154486267319e-05, ""ratio"": 1.1817282800761468, ""rolling_mean"": 90188.93783333333, ""rolling_std"": 26.230823122171756, ""history_length"": 60}"
2025-12-14T06:04:43.330587+00:00,BTCUSDT,vol_spike,,0.2.0,"{""short_vol"": 0.00010796536291983482, ""long_vol"": 9.136199971036601e-05, ""ratio"": 1.1817316090070757, ""rolling_mean"": 90189.9013333333, ""rolling_std"": 26.138223680562778, ""history_length"": 60}"
2025-12-14T06:04:55.082559+00:00,BTCUSDT,vol_spike,,0.2.0,"{""short_vol"": 0.00010796452103966709, ""long_vol"": 9.136199971036601e-05, ""ratio"": 1.1817223942332047, ""rolling_mean"": 90190.86466666663, ""rolling_std"": 26.009236525372433, ""history_length"": 60}"
2025-12-14T06:05:07.029895+00:00,BTCUSDT,vol_spike,,0.2.0,"{""short_vol"": 0.00010796368537842092, ""long_vol"": 9.136177353794136e-05, ""ratio"": 1.1817161729416845, ""rolling_mean"": 90191.82816666664, ""rolling_std"": 25.843271785552297, ""history_length"": 60}"
2025-12-14T06:05:18.795884+00:00,BTCUSDT,vol_spike,,0.2.0,"{""short_vol"": 0.00010796452736195537, ""long_vol"": 9.136177339067425e-05, ""ratio"": 1.1817253907746044, ""rolling_mean"": 90192.79149999998, ""rolling_std"": 25.639287373753348, ""history_length"": 60}"
2025-12-14T06:05:30.720507+00:00,BTCUSDT,vol_spike,,0.2.0,"{""short_vol"": 0.0001079645275944227, ""long_vol"": 9.136154717836423e-05, ""ratio"": 1.181728319285625, ""rolling_mean"": 90193.75516666664, ""rolling_std"": 25.39644313089072, ""history_length"": 60}"
2025-12-14T06:05:42.484942+00:00,BTCUSDT,vol_spike,,0.2.0,"{""short_vol"": 0.0001079653692385418, ""long_vol"": 9.136177570933397e-05, ""ratio"": 1.1817345755409998, ""rolling_mean"": 90194.71866666662, ""rolling_std"": 25.113534973596476, ""history_length"": 60}"
2025-12-14T06:05:54.672616+00:00,BTCUSDT,vol_spike,,0.2.0,"{""short_vol"": 0.00010796452735842329, ""long_vol"": 9.136200202604555e-05, ""ratio"": 1.181722433442786, ""rolling_mean"": 90195.68216666664, ""rolling_std"": 24.78934893557532, ""history_length"": 60}"
2025-12-14T06:06:06.445368+00:00,BTCUSDT,vol_spike,,0.2.0,"{""short_vol"": 0.00010798522704277892, ""long_vol"": 9.136200217028737e-05, ""ratio"": 1.1819489993390024, ""rolling_mean"": 90196.64566666663, ""rolling_std"": 24.42264247884965, ""history_length"": 60}"
2025-12-14T06:11:38.039578+00:00,ETHUSDT,vol_spike,,0.2.0,"{""short_vol"": 9.017576902586489e-05, ""long_vol"": 8.685020076462344e-05, ""ratio"": 1.0382908528934114, ""rolling_mean"": 3110.8603333333335, ""rolling_std"": 0.5452381431708447, ""history_length"": 60}"
2025-12-14T06:11:49.798799+00:00,ETHUSDT,vol_spike,,0.2.0,"{""short_vol"": 9.619969312413666e-05, ""long_vol"": 8.795027540213538e-05, ""ratio"": 1.0937963830617066, ""rolling_mean"": 3110.8605000000002, ""rolling_std"": 0.5454757680771499, ""history_length"": 60}"
2025-12-14T06:12:01.563910+00:00,ETHUSDT,vol_spike,,0.2.0,"{""short_vol"": 9.337084009925226e-05, ""long_vol"": 8.795027540213537e-05, ""ratio"": 1.0616321514893776, ""rolling_mean"": 3110.865833333333, ""rolling_std"": 0.5514765746878253, ""history_length"": 60}"
2025-12-14T06:14:58.804860+00:00,BTCUSDT,vol_spike,,0.2.0,"{""short_vol"": 3.667359515551853e-05, ""long_vol"": 3.62875594461391e-05, ""ratio"": 1.0106382384285837, ""rolling_mean"": 90204.12666666674, ""rolling_std"": 13.264369587922038, ""history_length"": 60}"
2025-12-14T06:14:58.804860+00:00,ETHUSDT,vol_spike,,0.2.0,"{""short_vol"": 7.265543615576437e-05, ""long_vol"": 6.462814875587156e-05, ""ratio"": 1.1242072928657656, ""rolling_mean"": 3110.9273333333326, ""rolling_std"": 0.5675217211304151, ""history_length"": 60}"
2025-12-14T06:15:11.308558+00:00,BTCUSDT,vol_spike,,0.2.0,"{""short_vol"": 3.673102446561295e-05, ""long_vol"": 3.628646397082116e-05, ""ratio"": 1.0122514140575747, ""rolling_mean"": 90203.77916666673, ""rolling_std"": 13.146834805210654, ""history_length"": 60}"
2025-12-14T06:15:11.308558+00:00,ETHUSDT,vol_spike,,0.2.0,"{""short_vol"": 7.361902084569472e-05, ""long_vol"": 6.603090448460135e-05, ""ratio"": 1.1149176498538338, ""rolling_mean"": 3110.9359999999997, ""rolling_std"": 0.5681167223111093, ""history_length"": 60}"
2025-12-14T06:15:23.095476+00:00,BTCUSDT,vol_spike,,0.2.0,"{""short_vol"": 3.6744312684368265e-05, ""long_vol"": 3.628463031038065e-05, ""ratio"": 1.0126687903405784, ""rolling_mean"": 90203.43033333338, ""rolling_std"": 13.019661008197655, ""history_length"": 60}"
2025-12-14T06:17:21.965790+00:00,ETHUSDT,vol_spike,,0.2.0,"{""short_vol"": 9.586043183365577e-05, ""long_vol"": 8.216116868981182e-05, ""ratio"": 1.166736468848972, ""rolling_mean"": 3111.011333333334, ""rolling_std"": 0.6094550682585302, ""history_length"": 60}"
2025-12-14T06:17:33.736786+00:00,ETHUSDT,vol_spike,,0.2.0,"{""short_vol"": 9.978293780798765e-05, ""long_vol"": 8.380104751446282e-05, ""ratio"": 1.1907122973703472, ""rolling_mean"": 3111.0330000000004, ""rolling_std"": 0.6352239695772257, ""history_length"": 60}"
2025-12-14T06:17:45.660283+00:00,ETHUSDT,vol_spike,,0.2.0,"{""short_vol"": 9.961333786272103e-05, ""long_vol"": 8.245864968083837e-05, ""ratio"": 1.2080398872438611, ""rolling_mean"": 3111.0546666666664, ""rolling_std"": 0.6592637564472958, ""history_length"": 60}"
2025-12-14T06:17:57.417725+00:00,ETHUSDT,vol_spike,,0.2.0,"{""short_vol"": 9.973521998796597e-05, ""long_vol"": 8.25656548627687e-05, ""ratio"": 1.2079504505079575, ""rolling_mean"": 3111.084, ""rolling_std"": 0.6850342067421268, ""history_length"": 60}"
2025-12-14T06:18:09.509036+00:00,ETHUSDT,vol_spike,,0.2.0,"{""short_vol"": 9.976217062455002e-05, ""long_vol"": 8.255815620808475e-05, ""ratio"": 1.208386611410061, ""rolling_mean"": 3111.1131666666665, ""rolling_std"": 0.7087168918322791, ""history_length"": 60}"
2025-12-14T06:18:21.258601+00:00,ETHUSDT,vol_spike,,0.2.0,"{""short_vol"": 9.972946648918029e-05, ""long_vol"": 8.256349693496542e-05, ""ratio"": 1.2079123364619155, ""rolling_mean"": 3111.1424999999995, ""rolling_std"": 0.7303647219839523, ""history_length"": 60}"
2025-12-14T06:18:33.037708+00:00,ETHUSDT,vol_spike,,0.2.0,"{""short_vol"": 0.00010344742569285919, ""long_vol"": 8.394674555317666e-05, ""ratio"": 1.232298226824406, ""rolling_mean"": 3111.1788333333325, ""rolling_std"": 0.7654091443092013, ""history_length"": 60}"
2025-12-14T06:18:45.040787+00:00,BTCUSDT,vol_spike,,0.2.0,"{""short_vol"": 4.558843941860097e-05, ""long_vol"": 4.512603462533455e-05, ""ratio"": 1.0102469626925035, ""rolling_mean"": 90198.34283333334, ""rolling_std"": 11.28329545137076, ""history_length"": 60}"
2025-12-14T06:18:45.040787+00:00,ETHUSDT,vol_spike,,0.2.0,"{""short_vol"": 0.00013085877604013848, ""long_vol"": 9.632347592260745e-05, ""ratio"": 1.3585346125307909, ""rolling_mean"": 3111.236833333332, ""rolling_std"": 0.8516494298785684, ""history_length"": 60}"
2025-12-14T06:18:56.917029+00:00,BTCUSDT,vol_spike,,0.2.0,"{""short_vol"": 4.557117611537768e-05, ""long_vol"": 4.512596616615433e-05, ""ratio"": 1.0098659372208028, ""rolling_mean"": 90198.49116666667, ""rolling_std"": 11.572284261224324, ""history_length"": 60}"
2025-12-14T06:18:56.917029+00:00,ETHUSDT,vol_spike,,0.2.0,"{""short_vol"": 0.00012709920444258941, ""long_vol"": 9.42729381223213e-05, ""ratio"": 1.348204553439029, ""rolling_mean"": 3111.300999999999, ""rolling_std"": 0.94644687907738, ""history_length"": 60}"
2025-12-14T06:19:08.947826+00:00,BTCUSDT,vol_spike,,0.2.0,"{""short_vol"": 4.555361466003183e-05, ""long_vol"": 4.51261077048118e-05, ""ratio"": 1.0094736057897244, ""rolling_mean"": 90198.63933333335, ""rolling_std"": 11.851968851195096, ""history_length"": 60}"
2025-12-14T06:19:08.947826+00:00,ETHUSDT,vol_spike,,0.2.0,"{""short_vol"": 0.0001266273429059058, ""long_vol"": 9.461806716915512e-05, ""ratio"": 1.3382998268134725, ""rolling_mean"": 3111.359166666666, ""rolling_std"": 1.0464683005016835, ""history_length"": 60}"
2025-12-14T06:19:20.902725+00:00,ETHUSDT,vol_spike,,0.2.0,"{""short_vol"": 0.00012678776407883122, ""long_vol"": 9.464405836446761e-05, ""ratio"": 1.3396272969464227, ""rolling_mean"": 3111.417166666666, ""rolling_std"": 1.1336832004004063, ""history_length"": 60}"
2025-12-14T06:19:32.837915+00:00,ETHUSDT,vol_spike,,0.2.0,"{""short_vol"": 0.0001338520753742811, ""long_vol"": 9.681118959606039e-05, ""ratio"": 1.3826095509493466, ""rolling_mean"": 3111.467999999999, ""rolling_std"": 1.1933272101601131, ""history_length"": 60}"
2025-12-14T06:19:44.598364+00:00,BTCUSDT,vol_spike,,0.2.0,"{""short_vol"": 5.4475568861392436e-05, ""long_vol"": 4.802193829025703e-05, ""ratio"": 1.13438921461537, ""rolling_mean"": 90198.8965, ""rolling_std"": 12.336290658191142, ""history_length"": 60}"
2025-12-14T06:19:44.598364+00:00,ETHUSDT,vol_spike,,0.2.0,"{""short_vol"": 0.00015496194351983142, ""long_vol"": 0.00010497008187806851, ""ratio"": 1.476248667690215, ""rolling_mean"": 3111.5033333333326, ""rolling_std"": 1.2184856768271024, ""history_length"": 60}"
2025-12-14T06:19:56.875681+00:00,BTCUSDT,vol_spike,,0.2.0,"{""short_vol"": 5.5996069196714585e-05, ""long_vol"": 4.838324513429953e-05, ""ratio"": 1.1573442219777488, ""rolling_mean"": 90198.7885, ""rolling_std"": 12.212923111695657, ""history_length"": 60}"
2025-12-14T06:19:56.875681+00:00,ETHUSDT,vol_spike,,0.2.0,"{""short_vol"": 0.00015815960393458239, ""long_vol"": 0.00010531986802620208, ""ratio"": 1.501707198258495, ""rolling_mean"": 3111.533166666666, ""rolling_std"": 1.234238242620956, ""history_length"": 60}"
2025-12-14T06:20:09.152975+00:00,BTCUSDT,vol_spike,,0.2.0,"{""short_vol"": 7.038182163338556e-05, ""long_vol"": 5.350458227023459e-05, ""ratio"": 1.3154354009888238, ""rolling_mean"": 90198.415, ""rolling_std"": 12.023188964719056, ""history_length"": 60}"
2025-12-14T06:20:09.152975+00:00,ETHUSDT,vol_spike,,0.2.0,"{""short_vol"": 0.00016437403909421412, ""long_vol"": 0.00010610417885569813, ""ratio"": 1.549175921881108, ""rolling_mean"": 3111.558833333333, ""rolling_std"": 1.2385449249314646, ""history_length"": 60}"
2025-12-14T06:20:20.913969+00:00,BTCUSDT,vol_spike,,0.2.0,"{""short_vol"": 7.25789410149045e-05, ""long_vol"": 5.436950920317479e-05, ""ratio"": 1.334919922555902, ""rolling_mean"": 90197.92333333332, ""rolling_std"": 11.90026216299487, ""history_length"": 60}"
2025-12-14T06:20:20.913969+00:00,ETHUSDT,vol_spike,,0.2.0,"{""short_vol"": 0.00015357493804437012, ""long_vol"": 0.00010650807422893747, ""ratio"": 1.441908880206238, ""rolling_mean"": 3111.5886666666656, ""rolling_std"": 1.2351414750047351, ""history_length"": 60}"
2025-12-14T06:20:32.900419+00:00,BTCUSDT,vol_spike,,0.2.0,"{""short_vol"": 7.257862475350394e-05, ""long_vol"": 5.4369702082222147e-05, ""ratio"": 1.3349093699970036, ""rolling_mean"": 90197.43149999998, ""rolling_std"": 11.754892212699783, ""history_length"": 60}"
2025-12-14T06:20:32.900419+00:00,ETHUSDT,vol_spike,,0.2.0,"{""short_vol"": 0.00015357493804437012, ""long_vol"": 0.00010650807422893748, ""ratio"": 1.4419088802062379, ""rolling_mean"": 3111.6184999999987, ""rolling_std"": 1.230993570044766, ""history_length"": 60}"
2025-12-14T06:20:44.700525+00:00,BTCUSDT,vol_spike,,0.2.0,"{""short_vol"": 7.257862475350394e-05, ""long_vol"": 5.4369505306867686e-05, ""ratio"": 1.3349142013314617, ""rolling_mean"": 90196.93983333332, ""rolling_std"": 11.58676648590345, ""history_length"": 60}"
2025-12-14T06:20:44.700525+00:00,ETHUSDT,vol_spike,,0.2.0,"{""short_vol"": 0.00015357492201694155, ""long_vol"": 0.0001065080703467709, ""ratio"": 1.4419087822822207, ""rolling_mean"": 3111.648166666666, ""rolling_std"": 1.2260000990774376, ""history_length"": 60}"
2025-12-14T06:20:56.636928+00:00,BTCUSDT,vol_spike,,0.2.0,"{""short_vol"": 7.225074367557936e-05, ""long_vol"": 5.243704557309496e-05, ""ratio"": 1.377856873626966, ""rolling_mean"": 90196.44666666667, ""rolling_std"": 11.395527172887205, ""history_length"": 60}"
2025-12-14T06:20:56.636928+00:00,ETHUSDT,vol_spike,,0.2.0,"{""short_vol"": 0.00015250107464514785, ""long_vol"": 0.00010629808349318516, ""ratio"": 1.4346549780921007, ""rolling_mean"": 3111.6779999999994, ""rolling_std"": 1.2200941891954558, ""history_length"": 60}"
2025-12-14T06:21:09.102796+00:00,BTCUSDT,vol_spike,,0.2.0,"{""short_vol"": 7.224964675646111e-05, ""long_vol"": 4.733839440774014e-05, ""ratio"": 1.5262377961988465, ""rolling_mean"": 90196.12366666665, ""rolling_std"": 11.40691211304752, ""history_length"": 60}"
2025-12-14T06:21:09.102796+00:00,ETHUSDT,vol_spike,,0.2.0,"{""short_vol"": 0.00013962863807459168, ""long_vol"": 0.00010469802501235943, ""ratio"": 1.3336320151035204, ""rolling_mean"": 3111.710166666666, ""rolling_std"": 1.2112390233770773, ""history_length"": 60}"
2025-12-14T06:21:21.441207+00:00,BTCUSDT,vol_spike,,0.2.0,"{""short_vol"": 6.953182651880905e-05, ""long_vol"": 4.7338280740916936e-05, ""ratio"": 1.4688287244599714, ""rolling_mean"": 90196.06083333334, ""rolling_std"": 11.452125003264014, ""history_length"": 60}"
2025-12-14T06:21:21.441207+00:00,ETHUSDT,vol_spike,,0.2.0,"{""short_vol"": 0.00013625534662221108, ""long_vol"": 0.00010470557953151802, ""ratio"": 1.301318871753115, ""rolling_mean"": 3111.7488333333326, ""rolling_std"": 1.1926073013114116, ""history_length"": 60}"
2025-12-14T06:21:33.675848+00:00,BTCUSDT,vol_spike,,0.2.0,"{""short_vol"": 7.09451520137449e-05, ""long_vol"": 4.8151529838798155e-05, ""ratio"": 1.4733727516291861, ""rolling_mean"": 90195.895, ""rolling_std"": 11.613749814153573, ""history_length"": 60}"
2025-12-14T06:21:33.675848+00:00,ETHUSDT,vol_spike,,0.2.0,"{""short_vol"": 0.00013625534662221108, ""long_vol"": 0.00010471140859043295, ""ratio"": 1.301246430130252, ""rolling_mean"": 3111.7875, ""rolling_std"": 1.1723836720870504, ""history_length"": 60}"
2025-12-14T06:21:45.470155+00:00,BTCUSDT,vol_spike,,0.2.0,"{""short_vol"": 6.946804723379835e-05, ""long_vol"": 4.7315016789826565e-05, ""ratio"": 1.4682029500776808, ""rolling_mean"": 90195.65416666666, ""rolling_std"": 11.886789318849912, ""history_length"": 60}"
2025-12-14T06:21:45.470155+00:00,ETHUSDT,vol_spike,,0.2.0,"{""short_vol"": 0.00013586414704060067, ""long_vol"": 0.00010359906460269407, ""ratio"": 1.311441831657885, ""rolling_mean"": 3111.8261666666663, ""rolling_std"": 1.1508259254702766, ""history_length"": 60}"
2025-12-14T06:21:57.274540+00:00,BTCUSDT,vol_spike,,0.2.0,"{""short_vol"": 6.946804723379835e-05, ""long_vol"": 4.7315016789826565e-05, ""ratio"": 1.4682029500776808, ""rolling_mean"": 90195.54116666669, ""rolling_std"": 12.04770448515284, ""history_length"": 60}"
2025-12-14T06:21:57.274540+00:00,ETHUSDT,vol_spike,,0.2.0,"{""short_vol"": 0.00013610820540073428, ""long_vol"": 0.00010301169736575892, ""ratio"": 1.3212888330289434, ""rolling_mean"": 3111.871833333333, ""rolling_std"": 1.1185333794321959, ""history_length"": 60}"
2025-12-14T06:22:09.931378+00:00,BTCUSDT,vol_spike,,0.2.0,"{""short_vol"": 6.915905880172684e-05, ""long_vol"": 4.735862102165539e-05, ""ratio"": 1.460326701026681, ""rolling_mean"": 90195.40266666669, ""rolling_std"": 12.249400243590411, ""history_length"": 60}"
2025-12-14T06:22:09.931378+00:00,ETHUSDT,vol_spike,,0.2.0,"{""short_vol"": 0.00013819294436561287, ""long_vol"": 0.00010415812057998584, ""ratio"": 1.3267611166187543, ""rolling_mean"": 3111.9068333333335, ""rolling_std"": 1.0914979470258446, ""history_length"": 60}"
2025-12-14T06:22:21.879790+00:00,BTCUSDT,vol_spike,,0.2.0,"{""short_vol"": 5.802905646213468e-05, ""long_vol"": 4.7392358944208215e-05, ""ratio"": 1.2244390816344113, ""rolling_mean"": 90195.24083333337, ""rolling_std"": 12.488063628604818, ""history_length"": 60}"
2025-12-14T06:22:21.879790+00:00,ETHUSDT,vol_spike,,0.2.0,"{""short_vol"": 0.00013367752785172206, ""long_vol"": 0.00010415812057998584, ""ratio"": 1.2834095614183771, ""rolling_mean"": 3111.9420000000005, ""rolling_std"": 1.062293329850142, ""history_length"": 60}"
2025-12-14T06:22:33.647844+00:00,BTCUSDT,vol_spike,,0.2.0,"{""short_vol"": 5.420545184404404e-05, ""long_vol"": 5.0151772140697844e-05, ""ratio"": 1.0808282445528312, ""rolling_mean"": 90194.8856666667, ""rolling_std"": 13.149592552386833, ""history_length"": 60}"
2025-12-14T06:22:45.406821+00:00,BTCUSDT,vol_spike,,0.2.0,"{""short_vol"": 5.740671673545231e-05, ""long_vol"": 5.2779882551583014e-05, ""ratio"": 1.087662835917594, ""rolling_mean"": 90194.31883333338, ""rolling_std"": 14.342527268453724, ""history_length"": 60}"
2025-12-14T06:22:57.725929+00:00,BTCUSDT,vol_spike,,0.2.0,"{""short_vol"": 5.815126870640231e-05, ""long_vol"": 5.440714956523933e-05, ""ratio"": 1.0688166752179036, ""rolling_mean"": 90193.58950000005, ""rolling_std"": 15.942917392999977, ""history_length"": 60}"
2025-12-14T06:23:09.616394+00:00,BTCUSDT,vol_spike,,0.2.0,"{""short_vol"": 5.723276498911907e-05, ""long_vol"": 5.441998811422713e-05, ""ratio"": 1.05168646617467, ""rolling_mean"": 90192.8226666667, ""rolling_std"": 17.48499646105109, ""history_length"": 60}"
2025-12-14T06:23:21.404657+00:00,BTCUSDT,vol_spike,,0.2.0,"{""short_vol"": 6.460182471889445e-05, ""long_vol"": 5.5830559577486316e-05, ""ratio"": 1.1571050909714535, ""rolling_mean"": 90192.17900000003, ""rolling_std"": 18.50959262982459, ""history_length"": 60}"
2025-12-14T06:23:44.532103+00:00,BTCUSDT,vol_spike,,0.2.0,"{""short_vol"": 6.18897486003316e-05, ""long_vol"": 5.437074684524733e-05, ""ratio"": 1.1382913090468523, ""rolling_mean"": 90191.44816666668, ""rolling_std"": 19.68107664580078, ""history_length"": 60}"
2025-12-14T06:23:56.270486+00:00,BTCUSDT,vol_spike,,0.2.0,"{""short_vol"": 6.266304294226714e-05, ""long_vol"": 5.4370395559884824e-05, ""ratio"": 1.1525213730190467, ""rolling_mean"": 90190.56716666667, ""rolling_std"": 20.77885741721648, ""history_length"": 60}"
2025-12-14T06:24:43.609850+00:00,BTCUSDT,vol_spike,,0.2.0,"{""short_vol"": 6.657603627282718e-05, ""long_vol"": 6.0071928941945916e-05, ""ratio"": 1.1082719906858143, ""rolling_mean"": 90186.7325, ""rolling_std"": 25.084638531465863, ""history_length"": 60}"
2025-12-14T06:24:55.354639+00:00,BTCUSDT,vol_spike,,0.2.0,"{""short_vol"": 6.660385378364857e-05, ""long_vol"": 6.0071499580975256e-05, ""ratio"": 1.108742985413038, ""rolling_mean"": 90185.54116666668, ""rolling_std"": 26.458593944711776, ""history_length"": 60}"
2025-12-14T06:25:07.584093+00:00,BTCUSDT,vol_spike,,0.2.0,"{""short_vol"": 6.663162517588065e-05, ""long_vol"": 6.007192541365864e-05, ""ratio"": 1.1091974282004704, ""rolling_mean"": 90184.34966666668, ""rolling_std"": 27.7125570856616, ""history_length"": 60}"
2025-12-14T06:25:19.358240+00:00,BTCUSDT,vol_spike,,0.2.0,"{""short_vol"": 6.665584897210494e-05, ""long_vol"": 5.7496205356075325e-05, ""ratio"": 1.1593086632292293, ""rolling_mean"": 90183.15816666668, ""rolling_std"": 28.862626558167094, ""history_length"": 60}"
2025-12-14T06:25:31.293103+00:00,BTCUSDT,vol_spike,,0.2.0,"{""short_vol"": 6.676803363971349e-05, ""long_vol"": 5.753115379325526e-05, ""ratio"": 1.1605543994415966, ""rolling_mean"": 90181.78816666667, ""rolling_std"": 29.821907002402508, ""history_length"": 60}"
2025-12-14T06:25:43.075625+00:00,BTCUSDT,vol_spike,,0.2.0,"{""short_vol"": 7.335312589199145e-05, ""long_vol"": 5.942855505294821e-05, ""ratio"": 1.2343077469515633, ""rolling_mean"": 90180.58783333331, ""rolling_std"": 30.429617045423697, ""history_length"": 60}"
2025-12-14T06:25:54.830266+00:00,BTCUSDT,vol_spike,,0.2.0,"{""short_vol"": 7.307515553674809e-05, ""long_vol"": 5.940316794808639e-05, ""ratio"": 1.2301558664448657, ""rolling_mean"": 90179.3423333333, ""rolling_std"": 31.053009972652333, ""history_length"": 60}"
2025-12-14T06:26:06.570314+00:00,BTCUSDT,vol_spike,,0.2.0,"{""short_vol"": 7.332083830036682e-05, ""long_vol"": 5.940316794808639e-05, ""ratio"": 1.2342917193312546, ""rolling_mean"": 90178.14899999998, ""rolling_std"": 31.652025329474256, ""history_length"": 60}"
2025-12-14T06:26:18.326612+00:00,BTCUSDT,vol_spike,,0.2.0,"{""short_vol"": 7.354244740032628e-05, ""long_vol"": 5.942832750742815e-05, ""ratio"": 1.237498184533865, ""rolling_mean"": 90176.95566666663, ""rolling_std"": 32.1949627266719, ""history_length"": 60}"
2025-12-14T06:26:30.544322+00:00,BTCUSDT,vol_spike,,0.2.0,"{""short_vol"": 6.94024757141977e-05, ""long_vol"": 5.9428752514902124e-05, ""ratio"": 1.167826561676431, ""rolling_mean"": 90175.77899999997, ""rolling_std"": 32.69643772127242, ""history_length"": 60}"
2025-12-14T06:26:42.291141+00:00,BTCUSDT,vol_spike,,0.2.0,"{""short_vol"": 6.40467312728839e-05, ""long_vol"": 5.943084094162921e-05, ""ratio"": 1.0776682654682312, ""rolling_mean"": 90174.60249999998, ""rolling_std"": 33.14800725789587, ""history_length"": 60}"
2025-12-14T06:26:54.038913+00:00,BTCUSDT,vol_spike,,0.2.0,"{""short_vol"": 5.974901470065699e-05, ""long_vol"": 5.943126167200952e-05, ""ratio"": 1.005346563739486, ""rolling_mean"": 90173.42666666665, ""rolling_std"": 33.55243352545746, ""history_length"": 60}"
2025-12-14T06:27:05.789162+00:00,BTCUSDT,vol_spike,,0.2.0,"{""short_vol"": 5.960570694679907e-05, ""long_vol"": 5.94341574069286e-05, ""ratio"": 1.002886379606527, ""rolling_mean"": 90172.25116666664, ""rolling_std"": 33.910862970873744, ""history_length"": 60}"
2025-12-14T06:28:04.758548+00:00,BTCUSDT,vol_spike,,0.2.0,"{""short_vol"": 7.00621681092519e-05, ""long_vol"": 6.432005394312324e-05, ""ratio"": 1.0892740881592897, ""rolling_mean"": 90165.63999999997, ""rolling_std"": 36.47225999513202, ""history_length"": 60}"
2025-12-14T06:28:04.758548+00:00,ETHUSDT,vol_spike,,0.2.0,"{""short_vol"": 0.00014480918548837447, ""long_vol"": 0.00013721168575673879, ""ratio"": 1.0553706463828834, ""rolling_mean"": 3111.2060000000006, ""rolling_std"": 1.6925301489440838, ""history_length"": 60}"
2025-12-14T06:28:16.531580+00:00,BTCUSDT,vol_spike,,0.2.0,"{""short_vol"": 7.025833366006726e-05, ""long_vol"": 6.447738171864866e-05, ""ratio"": 1.0896586025568495, ""rolling_mean"": 90164.00883333331, ""rolling_std"": 37.35392426422963, ""history_length"": 60}"
2025-12-14T06:28:16.531580+00:00,ETHUSDT,vol_spike,,0.2.0,"{""short_vol"": 0.00014937195199077932, ""long_vol"": 0.0001352415003297398, ""ratio"": 1.1044831033860707, ""rolling_mean"": 3111.1371666666673, ""rolling_std"": 1.7597101953876892, ""history_length"": 60}"
2025-12-14T06:28:28.288841+00:00,ETHUSDT,vol_spike,,0.2.0,"{""short_vol"": 0.00014940407627916789, ""long_vol"": 0.00013663495537940957, ""ratio"": 1.0934542765012136, ""rolling_mean"": 3111.0876666666672, ""rolling_std"": 1.8095634520528991, ""history_length"": 60}"
2025-12-14T06:28:40.214927+00:00,ETHUSDT,vol_spike,,0.2.0,"{""short_vol"": 0.00014961236093459453, ""long_vol"": 0.0001366408554929757, ""ratio"": 1.0949313834052046, ""rolling_mean"": 3111.0381666666667, ""rolling_std"": 1.856738065247169, ""history_length"": 60}"
2025-12-14T06:28:51.987837+00:00,ETHUSDT,vol_spike,,0.2.0,"{""short_vol"": 0.00014964933759711692, ""long_vol"": 0.00013574973301742606, ""ratio"": 1.102391395332664, ""rolling_mean"": 3110.988833333334, ""rolling_std"": 1.9014188205320213, ""history_length"": 60}"
2025-12-14T06:29:03.893014+00:00,ETHUSDT,vol_spike,,0.2.0,"{""short_vol"": 0.00014956365026591828, ""long_vol"": 0.0001301954364446133, ""ratio"": 1.1487626168029663, ""rolling_mean"": 3110.9341666666664, ""rolling_std"": 1.9436801470726153, ""history_length"": 60}"
2025-12-14T06:29:16.163620+00:00,ETHUSDT,vol_spike,,0.2.0,"{""short_vol"": 0.00014967461509896162, ""long_vol"": 0.00012863596009661174, ""ratio"": 1.1635518947155123, ""rolling_mean"": 3110.8654999999994, ""rolling_std"": 1.9782164754467015, ""history_length"": 60}"
2025-12-14T06:29:27.937083+00:00,ETHUSDT,vol_spike,,0.2.0,"{""short_vol"": 0.00014967464116967576, ""long_vol"": 0.0001286472847002486, ""ratio"": 1.1634496718560474, ""rolling_mean"": 3110.790166666666, ""rolling_std"": 2.0046771511208323, ""history_length"": 60}"
2025-12-14T06:29:39.727237+00:00,ETHUSDT,vol_spike,,0.2.0,"{""short_vol"": 0.00015000678387265139, ""long_vol"": 0.00012848054368711986, ""ratio"": 1.1675447469926103, ""rolling_mean"": 3110.7158333333327, ""rolling_std"": 2.0265419253351724, ""history_length"": 60}"
2025-12-14T06:29:51.661653+00:00,ETHUSDT,vol_spike,,0.2.0,"{""short_vol"": 0.00015000680809587076, ""long_vol"": 0.0001284920225457765, ""ratio"": 1.1674406326854216, ""rolling_mean"": 3110.639499999999, ""rolling_std"": 2.043238062405107, ""history_length"": 60}"
2025-12-14T06:30:03.417655+00:00,ETHUSDT,vol_spike,,0.2.0,"{""short_vol"": 0.0001524497745844689, ""long_vol"": 0.00012932624494193013, ""ratio"": 1.1787999771656685, ""rolling_mean"": 3110.5678333333326, ""rolling_std"": 2.0512006336650668, ""history_length"": 60}"
2025-12-14T06:30:15.191310+00:00,ETHUSDT,vol_spike,,0.2.0,"{""short_vol"": 0.00015236666559025676, ""long_vol"": 0.0001275673152678894, ""ratio"": 1.1944020713322145, ""rolling_mean"": 3110.4938333333325, ""rolling_std"": 2.0592866064935067, ""history_length"": 60}"
2025-12-14T06:30:26.964425+00:00,ETHUSDT,vol_spike,,0.2.0,"{""short_vol"": 0.0001523666492040016, ""long_vol"": 0.000115971139884941, ""ratio"": 1.313832470347104, ""rolling_mean"": 3110.412499999999, ""rolling_std"": 2.0566004737125088, ""history_length"": 60}"
2025-12-14T06:30:38.873475+00:00,BTCUSDT,vol_spike,,0.2.0,"{""short_vol"": 6.36338948743386e-05, ""long_vol"": 6.187365536706588e-05, ""ratio"": 1.0284489335053844, ""rolling_mean"": 90145.29250000001, ""rolling_std"": 39.40624645593251, ""history_length"": 60}"
2025-12-14T06:30:38.873475+00:00,ETHUSDT,vol_spike,,0.2.0,"{""short_vol"": 0.0001523666492040016, ""long_vol"": 0.00011431002506680214, ""ratio"": 1.3329246416922695, ""rolling_mean"": 3110.311666666665, ""rolling_std"": 2.0192188174559735, ""history_length"": 60}"
2025-12-14T06:30:50.820987+00:00,BTCUSDT,vol_spike,,0.2.0,"{""short_vol"": 6.36338948743386e-05, ""long_vol"": 6.187301788867154e-05, ""ratio"": 1.0284595296262327, ""rolling_mean"": 90143.4671666667, ""rolling_std"": 38.180799242801875, ""history_length"": 60}"
2025-12-14T06:30:50.820987+00:00,ETHUSDT,vol_spike,,0.2.0,"{""short_vol"": 0.00015111117236898738, ""long_vol"": 0.00011333107975735409, ""ratio"": 1.333360387040535, ""rolling_mean"": 3110.2046666666647, ""rolling_std"": 1.9628269708545567, ""history_length"": 60}"
2025-12-14T06:31:02.579150+00:00,BTCUSDT,vol_spike,,0.2.0,"{""short_vol"": 6.36338948743386e-05, ""long_vol"": 6.187365194393298e-05, ""ratio"": 1.0284489904038745, ""rolling_mean"": 90141.6416666667, ""rolling_std"": 36.82240894570748, ""history_length"": 60}"
2025-12-14T06:31:02.579150+00:00,ETHUSDT,vol_spike,,0.2.0,"{""short_vol"": 0.00015293667271955977, ""long_vol"": 0.00011389038766590796, ""ratio"": 1.3428409179551855, ""rolling_mean"": 3110.0866666666643, ""rolling_std"": 1.8960088917286393, ""history_length"": 60}"
2025-12-14T06:31:14.487943+00:00,ETHUSDT,vol_spike,,0.2.0,"{""short_vol"": 0.00013654238427699068, ""long_vol"": 0.00011363055457898055, ""ratio"": 1.2016344088339808, ""rolling_mean"": 3109.962833333331, ""rolling_std"": 1.8283660313604477, ""history_length"": 60}"
2025-12-14T06:31:26.362658+00:00,BTCUSDT,vol_spike,,0.2.0,"{""short_vol"": 6.987580847821098e-05, ""long_vol"": 6.469816231785212e-05, ""ratio"": 1.0800277160102614, ""rolling_mean"": 90137.73900000006, ""rolling_std"": 33.87154756689212, ""history_length"": 60}"
2025-12-14T06:31:26.362658+00:00,ETHUSDT,vol_spike,,0.2.0,"{""short_vol"": 0.00013671320450291363, ""long_vol"": 0.00010841855985836686, ""ratio"": 1.2609760236762932, ""rolling_mean"": 3109.843666666665, ""rolling_std"": 1.7723793895678728, ""history_length"": 60}"
2025-12-14T06:31:38.123526+00:00,BTCUSDT,vol_spike,,0.2.0,"{""short_vol"": 6.987580847821096e-05, ""long_vol"": 6.336217775369143e-05, ""ratio"": 1.1027999818730987, ""rolling_mean"": 90135.66183333339, ""rolling_std"": 32.22669177380111, ""history_length"": 60}"
2025-12-14T06:31:38.123526+00:00,ETHUSDT,vol_spike,,0.2.0,"{""short_vol"": 0.0001362138211672832, ""long_vol"": 0.00010918012339032864, ""ratio"": 1.247606404329721, ""rolling_mean"": 3109.731666666665, ""rolling_std"": 1.7567373135163364, ""history_length"": 60}"
2025-12-14T06:33:36.324669+00:00,ETHUSDT,vol_spike,,0.2.0,"{""short_vol"": 0.00012675814859784376, ""long_vol"": 0.00012449072024950746, ""ratio"": 1.0182136334643406, ""rolling_mean"": 3108.6883333333335, ""rolling_std"": 1.7126856367691785, ""history_length"": 60}"
2025-12-14T06:33:48.164939+00:00,ETHUSDT,vol_spike,,0.2.0,"{""short_vol"": 0.00012504826643477555, ""long_vol"": 0.00012460043515938676, ""ratio"": 1.0035941389355176, ""rolling_mean"": 3108.5881666666673, ""rolling_std"": 1.6652352525477205, ""history_length"": 60}"
2025-12-14T06:34:00.140318+00:00,ETHUSDT,vol_spike,,0.2.0,"{""short_vol"": 0.00012649663019695097, ""long_vol"": 0.0001250377655589861, ""ratio"": 1.0116673920990427, ""rolling_mean"": 3108.4963333333344, ""rolling_std"": 1.6195897855464283, ""history_length"": 60}"
2025-12-14T06:34:11.912117+00:00,ETHUSDT,vol_spike,,0.2.0,"{""short_vol"": 0.00012661003367936755, ""long_vol"": 0.00012460549014910912, ""ratio"": 1.0160871204620254, ""rolling_mean"": 3108.4048333333344, ""rolling_std"": 1.5667666063808179, ""history_length"": 60}"
2025-12-14T06:34:23.844025+00:00,ETHUSDT,vol_spike,,0.2.0,"{""short_vol"": 0.0001275210659118098, ""long_vol"": 0.00011739454065563793, ""ratio"": 1.0862606148430425, ""rolling_mean"": 3108.321666666668, ""rolling_std"": 1.5184226501975033, ""history_length"": 60}"
2025-12-14T06:34:35.625090+00:00,ETHUSDT,vol_spike,,0.2.0,"{""short_vol"": 0.0001274916225829165, ""long_vol"": 0.0001162697885597973, ""ratio"": 1.0965154763083433, ""rolling_mean"": 3108.256500000001, ""rolling_std"": 1.5006019413691056, ""history_length"": 60}"
2025-12-14T06:34:47.529568+00:00,ETHUSDT,vol_spike,,0.2.0,"{""short_vol"": 0.00012496477704199854, ""long_vol"": 0.00011616845985488634, ""ratio"": 1.0757203564384021, ""rolling_mean"": 3108.199000000001, ""rolling_std"": 1.490936118173628, ""history_length"": 60}"
2025-12-14T06:34:59.299053+00:00,ETHUSDT,vol_spike,,0.2.0,"{""short_vol"": 0.00012245621959045642, ""long_vol"": 0.0001161761591951265, ""ratio"": 1.054056360950805, ""rolling_mean"": 3108.1446666666675, ""rolling_std"": 1.4832013779941267, ""history_length"": 60}"
2025-12-14T06:35:11.220689+00:00,ETHUSDT,vol_spike,,0.2.0,"{""short_vol"": 0.00012245637275162528, ""long_vol"": 0.00011621926685162816, ""ratio"": 1.0536667118022673, ""rolling_mean"": 3108.0880000000006, ""rolling_std"": 1.4760480907144473, ""history_length"": 60}"
2025-12-14T06:35:22.962070+00:00,ETHUSDT,vol_spike,,0.2.0,"{""short_vol"": 0.00012015944291350016, ""long_vol"": 0.00011691351478160987, ""ratio"": 1.0277634979835613, ""rolling_mean"": 3108.0251666666672, ""rolling_std"": 1.473517055932631, ""history_length"": 60}"
2025-12-14T06:35:34.863916+00:00,ETHUSDT,vol_spike,,0.2.0,"{""short_vol"": 0.0001370970445950129, ""long_vol"": 0.00012263816501600368, ""ratio"": 1.1178986947262495, ""rolling_mean"": 3107.976666666668, ""rolling_std"": 1.4548523912157045, ""history_length"": 60}"
2025-12-14T06:35:46.609568+00:00,ETHUSDT,vol_spike,,0.2.0,"{""short_vol"": 0.00013322073110663273, ""long_vol"": 0.0001238998939975358, ""ratio"": 1.0752287738783886, ""rolling_mean"": 3107.930166666667, ""rolling_std"": 1.4249144983765418, ""history_length"": 60}"
2025-12-14T06:35:58.359630+00:00,ETHUSDT,vol_spike,,0.2.0,"{""short_vol"": 0.00013209115685666606, ""long_vol"": 0.00012297581913775363, ""ratio"": 1.0741230087575324, ""rolling_mean"": 3107.8835000000004, ""rolling_std"": 1.392806975566421, ""history_length"": 60}"
2025-12-14T06:36:10.152239+00:00,ETHUSDT,vol_spike,,0.2.0,"{""short_vol"": 0.00013209117055029048, ""long_vol"": 0.00012298417857511406, ""ratio"": 1.0740501101905089, ""rolling_mean"": 3107.831833333333, ""rolling_std"": 1.3482461824020162, ""history_length"": 60}"
2025-12-14T06:36:22.072409+00:00,ETHUSDT,vol_spike,,0.2.0,"{""short_vol"": 0.00013209117055029048, ""long_vol"": 0.00012006046310244562, ""ratio"": 1.1002054059843103, ""rolling_mean"": 3107.7801666666664, ""rolling_std"": 1.3000749543798111, ""history_length"": 60}"
2025-12-14T06:36:33.922391+00:00,ETHUSDT,vol_spike,,0.2.0,"{""short_vol"": 0.00013396103914793277, ""long_vol"": 0.00012035629522267997, ""ratio"": 1.1130372441265466, ""rolling_mean"": 3107.735666666667, ""rolling_std"": 1.2720267648109893, ""history_length"": 60}"
2025-12-14T06:36:45.665480+00:00,ETHUSDT,vol_spike,,0.2.0,"{""short_vol"": 0.00013311155080889632, ""long_vol"": 0.00012036915435393745, ""ratio"": 1.10586097844877, ""rolling_mean"": 3107.693, ""rolling_std"": 1.2445900557130036, ""history_length"": 60}"
2025-12-14T06:36:57.403651+00:00,ETHUSDT,vol_spike,,0.2.0,"{""short_vol"": 0.00013312726555991195, ""long_vol"": 0.00012035333910112045, ""ratio"": 1.1061368679439703, ""rolling_mean"": 3107.6505000000006, ""rolling_std"": 1.215309718493368, ""history_length"": 60}"
2025-12-14T06:39:43.078078+00:00,BTCUSDT,vol_spike,,0.2.0,"{""short_vol"": 4.6961359784300917e-05, ""long_vol"": 4.448107267776842e-05, ""ratio"": 1.0557605056986887, ""rolling_mean"": 90105.10216666668, ""rolling_std"": 11.283304914884559, ""history_length"": 60}"
2025-12-14T06:39:54.829247+00:00,BTCUSDT,vol_spike,,0.2.0,"{""short_vol"": 4.82440181543236e-05, ""long_vol"": 4.456249651162274e-05, ""ratio"": 1.0826147978881895, ""rolling_mean"": 90105.77916666669, ""rolling_std"": 12.23412056804454, ""history_length"": 60}"
2025-12-14T06:40:06.578406+00:00,BTCUSDT,vol_spike,,0.2.0,"{""short_vol"": 4.8008074540516404e-05, ""long_vol"": 4.475417589567218e-05, ""ratio"": 1.072706034235319, ""rolling_mean"": 90106.60383333334, ""rolling_std"": 13.210927306996284, ""history_length"": 60}"
2025-12-14T06:40:18.534133+00:00,BTCUSDT,vol_spike,,0.2.0,"{""short_vol"": 4.8004633916274185e-05, ""long_vol"": 4.475378049006503e-05, ""ratio"": 1.0726386327727289, ""rolling_mean"": 90107.42866666667, ""rolling_std"": 14.071719260198932, ""history_length"": 60}"
2025-12-14T06:40:30.442441+00:00,BTCUSDT,vol_spike,,0.2.0,"{""short_vol"": 4.901854418898065e-05, ""long_vol"": 4.566938722811947e-05, ""ratio"": 1.0733348346482532, ""rolling_mean"": 90108.37366666668, ""rolling_std"": 15.170611304249974, ""history_length"": 60}"
2025-12-14T06:40:42.184344+00:00,BTCUSDT,vol_spike,,0.2.0,"{""short_vol"": 4.901854418898065e-05, ""long_vol"": 4.566938722811947e-05, ""ratio"": 1.0733348346482532, ""rolling_mean"": 90109.31850000001, ""rolling_std"": 16.13907405247254, ""history_length"": 60}"
2025-12-14T06:40:54.090913+00:00,BTCUSDT,vol_spike,,0.2.0,"{""short_vol"": 4.902245575663345e-05, ""long_vol"": 4.566983600944764e-05, ""ratio"": 1.0734099361883467, ""rolling_mean"": 90110.26316666669, ""rolling_std"": 16.998876981019492, ""history_length"": 60}"
2025-12-14T06:41:05.842516+00:00,BTCUSDT,vol_spike,,0.2.0,"{""short_vol"": 4.900671015955212e-05, ""long_vol"": 4.53911236905799e-05, ""ratio"": 1.0796540419139826, ""rolling_mean"": 90111.20783333335, ""rolling_std"": 17.76622877980921, ""history_length"": 60}"
2025-12-14T06:41:17.574549+00:00,BTCUSDT,vol_spike,,0.2.0,"{""short_vol"": 4.9095916453098675e-05, ""long_vol"": 4.540670747021997e-05, ""ratio"": 1.0812481060270285, ""rolling_mean"": 90112.07766666666, ""rolling_std"": 18.509107457413535, ""history_length"": 60}"
2025-12-14T06:41:29.308374+00:00,BTCUSDT,vol_spike,,0.2.0,"{""short_vol"": 4.9099806460775397e-05, ""long_vol"": 4.5406707233364075e-05, ""ratio"": 1.0813337819990103, ""rolling_mean"": 90112.93766666666, ""rolling_std"": 19.18896101855922, ""history_length"": 60}"
2025-12-14T06:41:41.397078+00:00,BTCUSDT,vol_spike,,0.2.0,"{""short_vol"": 4.9088128711463486e-05, ""long_vol"": 4.1190432241240125e-05, ""ratio"": 1.191736188248011, ""rolling_mean"": 90113.79799999998, ""rolling_std"": 19.807831253902798, ""history_length"": 60}"
2025-12-14T06:41:53.164988+00:00,BTCUSDT,vol_spike,,0.2.0,"{""short_vol"": 4.887987000769906e-05, ""long_vol"": 4.230745955819333e-05, ""ratio"": 1.155348737980012, ""rolling_mean"": 90114.54966666666, ""rolling_std"": 20.699152030996142, ""history_length"": 60}"
2025-12-14T06:44:27.284268+00:00,BTCUSDT,vol_spike,,0.2.0,"{""short_vol"": 5.005191325249165e-05, ""long_vol"": 4.5290197699114995e-05, ""ratio"": 1.1051378840298085, ""rolling_mean"": 90115.50133333332, ""rolling_std"": 22.002983115676066, ""history_length"": 60}"
2025-12-14T06:44:39.056391+00:00,BTCUSDT,vol_spike,,0.2.0,"{""short_vol"": 5.006354219014008e-05, ""long_vol"": 4.529157852812942e-05, ""ratio"": 1.1053609482620907, ""rolling_mean"": 90116.45266666665, ""rolling_std"": 23.192851606685597, ""history_length"": 60}"
2025-12-14T06:44:50.806607+00:00,BTCUSDT,vol_spike,,0.2.0,"{""short_vol"": 5.1213882758029624e-05, ""long_vol"": 4.542043654673005e-05, ""ratio"": 1.1275515308035202, ""rolling_mean"": 90117.37766666665, ""rolling_std"": 24.226960074745048, ""history_length"": 60}"
2025-12-14T06:45:26.689109+00:00,BTCUSDT,vol_spike,,0.2.0,"{""short_vol"": 4.2313536382848056e-05, ""long_vol"": 3.9248586619652594e-05, ""ratio"": 1.0780907040780108, ""rolling_mean"": 90120.01216666665, ""rolling_std"": 26.637268278254208, ""history_length"": 60}"
2025-12-14T06:45:38.623534+00:00,BTCUSDT,vol_spike,,0.2.0,"{""short_vol"": 4.248370754992964e-05, ""long_vol"": 3.924796809628352e-05, ""ratio"": 1.08244348970393, ""rolling_mean"": 90121.14233333332, ""rolling_std"": 27.21131478062729, ""history_length"": 60}"
2025-12-14T06:45:50.547500+00:00,BTCUSDT,vol_spike,,0.2.0,"{""short_vol"": 4.343829869016085e-05, ""long_vol"": 3.95087543633964e-05, ""ratio"": 1.099460091569099, ""rolling_mean"": 90122.23616666667, ""rolling_std"": 27.667211401791096, ""history_length"": 60}"
2025-12-14T06:46:02.317362+00:00,BTCUSDT,vol_spike,,0.2.0,"{""short_vol"": 4.132407910153184e-05, ""long_vol"": 3.950815964075577e-05, ""ratio"": 1.0459631498224182, ""rolling_mean"": 90123.33016666667, ""rolling_std"": 28.072662888772097, ""history_length"": 60}"
2025-12-14T06:46:14.082145+00:00,BTCUSDT,vol_spike,,0.2.0,"{""short_vol"": 4.2227591502694875e-05, ""long_vol"": 3.9969121944437224e-05, ""ratio"": 1.0565053583463067, ""rolling_mean"": 90124.37066666665, ""rolling_std"": 28.35337386833337, ""history_length"": 60}"
2025-12-14T06:46:26.005615+00:00,BTCUSDT,vol_spike,,0.2.0,"{""short_vol"": 4.245406431569051e-05, ""long_vol"": 4.005401297590891e-05, ""ratio"": 1.059920371554909, ""rolling_mean"": 90125.39416666668, ""rolling_std"": 28.570692242680416, ""history_length"": 60}"
2025-12-14T06:46:37.772226+00:00,BTCUSDT,vol_spike,,0.2.0,"{""short_vol"": 4.3417786715104616e-05, ""long_vol"": 4.174267963313596e-05, ""ratio"": 1.0401293615237612, ""rolling_mean"": 90126.29833333334, ""rolling_std"": 28.61599417456693, ""history_length"": 60}"
2025-12-14T06:46:49.717153+00:00,BTCUSDT,vol_spike,,0.2.0,"{""short_vol"": 4.9312989963274135e-05, ""long_vol"": 4.417098109045042e-05, ""ratio"": 1.1164114707412598, ""rolling_mean"": 90127.05083333334, ""rolling_std"": 28.509372784786017, ""history_length"": 60}"
2025-12-14T06:46:49.717153+00:00,ETHUSDT,vol_spike,,0.2.0,"{""short_vol"": 0.00011819201493442011, ""long_vol"": 0.00011065072962384457, ""ratio"": 1.0681539591850142, ""rolling_mean"": 3108.8751666666676, ""rolling_std"": 2.1574415887897107, ""history_length"": 60}"
2025-12-14T06:47:01.499242+00:00,BTCUSDT,vol_spike,,0.2.0,"{""short_vol"": 4.9312989916484354e-05, ""long_vol"": 4.4171716538597277e-05, ""ratio"": 1.1163928817073394, ""rolling_mean"": 90127.80316666666, ""rolling_std"": 28.381964761103724, ""history_length"": 60}"
2025-12-14T06:47:01.499242+00:00,ETHUSDT,vol_spike,,0.2.0,"{""short_vol"": 0.0001181920196743406, ""long_vol"": 0.00011044280882640239, ""ratio"": 1.0701649200186376, ""rolling_mean"": 3108.9525000000012, ""rolling_std"": 2.1426703005710133, ""history_length"": 60}"
2025-12-14T06:47:13.250573+00:00,BTCUSDT,vol_spike,,0.2.0,"{""short_vol"": 4.931355815729138e-05, ""long_vol"": 4.417098108563627e-05, ""ratio"": 1.1164243343765665, ""rolling_mean"": 90128.55549999999, ""rolling_std"": 28.233873538711883, ""history_length"": 60}"
2025-12-14T06:47:13.250573+00:00,ETHUSDT,vol_spike,,0.2.0,"{""short_vol"": 0.00011861930498599127, ""long_vol"": 0.00011065298354547786, ""ratio"": 1.0719937337906418, ""rolling_mean"": 3109.0240000000017, ""rolling_std"": 2.128941966871106, ""history_length"": 60}"
2025-12-14T06:47:25.006179+00:00,BTCUSDT,vol_spike,,0.2.0,"{""short_vol"": 4.931243485262899e-05, ""long_vol"": 4.41717165337832e-05, ""ratio"": 1.1163803157822514, ""rolling_mean"": 90129.30783333331, ""rolling_std"": 28.064226465205888, ""history_length"": 60}"
2025-12-14T06:47:25.006179+00:00,ETHUSDT,vol_spike,,0.2.0,"{""short_vol"": 0.00011864122302803151, ""long_vol"": 9.944858866922047e-05, ""ratio"": 1.1929905151560105, ""rolling_mean"": 3109.095166666668, ""rolling_std"": 2.1127470202916663, ""history_length"": 60}"
2025-12-14T06:47:36.938712+00:00,BTCUSDT,vol_spike,,0.2.0,"{""short_vol"": 5.304116432261699e-05, ""long_vol"": 4.513698606173756e-05, ""ratio"": 1.17511533114037, ""rolling_mean"": 90130.18099999997, ""rolling_std"": 27.95582506232338, ""history_length"": 60}"
2025-12-14T06:47:36.938712+00:00,ETHUSDT,vol_spike,,0.2.0,"{""short_vol"": 0.00011648602767319588, ""long_vol"": 9.363021616891542e-05, ""ratio"": 1.2441072170873448, ""rolling_mean"": 3109.184166666668, ""rolling_std"": 2.0655391151363123, ""history_length"": 60}"
2025-12-14T06:47:48.705304+00:00,BTCUSDT,vol_spike,,0.2.0,"{""short_vol"": 5.304110358794938e-05, ""long_vol"": 4.513740618496214e-05, ""ratio"": 1.1751030480262823, ""rolling_mean"": 90131.05466666663, ""rolling_std"": 27.818259913818025, ""history_length"": 60}"
2025-12-14T06:47:48.705304+00:00,ETHUSDT,vol_spike,,0.2.0,"{""short_vol"": 0.00011982002213945286, ""long_vol"": 9.772323051427688e-05, ""ratio"": 1.2261160576547634, ""rolling_mean"": 3109.2485000000015, ""rolling_std"": 2.032771194407646, ""history_length"": 60}"
2025-12-14T06:48:00.493084+00:00,BTCUSDT,vol_spike,,0.2.0,"{""short_vol"": 5.061864195879812e-05, ""long_vol"": 4.595539506540392e-05, ""ratio"": 1.1014733283601947, ""rolling_mean"": 90131.84266666665, ""rolling_std"": 27.595013788520934, ""history_length"": 60}"
2025-12-14T06:48:00.493084+00:00,ETHUSDT,vol_spike,,0.2.0,"{""short_vol"": 0.00011354111253649919, ""long_vol"": 9.784820150020751e-05, ""ratio"": 1.1603801684209638, ""rolling_mean"": 3109.308500000001, ""rolling_std"": 2.0007463226150297, ""history_length"": 60}"
2025-12-14T06:48:12.257639+00:00,ETHUSDT,vol_spike,,0.2.0,"{""short_vol"": 0.00011532183934456514, ""long_vol"": 9.941053107345279e-05, ""ratio"": 1.1600565664351572, ""rolling_mean"": 3109.3736666666678, ""rolling_std"": 1.974201376112954, ""history_length"": 60}"
2025-12-14T06:48:24.002077+00:00,ETHUSDT,vol_spike,,0.2.0,"{""short_vol"": 0.00010825915281876164, ""long_vol"": 9.938672288711658e-05, ""ratio"": 1.0892717827281855, ""rolling_mean"": 3109.438666666668, ""rolling_std"": 1.9456631187724631, ""history_length"": 60}"
2025-12-14T06:48:36.223319+00:00,ETHUSDT,vol_spike,,0.2.0,"{""short_vol"": 0.00010414362890369404, ""long_vol"": 9.937435805674304e-05, ""ratio"": 1.0479929726361374, ""rolling_mean"": 3109.5013333333345, ""rolling_std"": 1.917952180053439, ""history_length"": 60}"
2025-12-14T06:48:47.969959+00:00,ETHUSDT,vol_spike,,0.2.0,"{""short_vol"": 0.00010409169863880477, ""long_vol"": 9.93972426403487e-05, ""ratio"": 1.0472292376906482, ""rolling_mean"": 3109.5640000000008, ""rolling_std"": 1.8873829069078965, ""history_length"": 60}"
2025-12-14T06:48:59.719862+00:00,ETHUSDT,vol_spike,,0.2.0,"{""short_vol"": 0.0001067027047225212, ""long_vol"": 9.960088882440392e-05, ""ratio"": 1.071302736169732, ""rolling_mean"": 3109.630333333334, ""rolling_std"": 1.856493840154349, ""history_length"": 60}"
2025-12-14T06:49:11.485920+00:00,ETHUSDT,vol_spike,,0.2.0,"{""short_vol"": 0.0001067027047225212, ""long_vol"": 9.921354726385557e-05, ""ratio"": 1.0754852302453055, ""rolling_mean"": 3109.6966666666676, ""rolling_std"": 1.8226286350331786, ""history_length"": 60}"
2025-12-14T06:49:23.237982+00:00,ETHUSDT,vol_spike,,0.2.0,"{""short_vol"": 0.00010805315049374368, ""long_vol"": 9.748550980078733e-05, ""ratio"": 1.1084021688407995, ""rolling_mean"": 3109.7681666666676, ""rolling_std"": 1.782801539062488, ""history_length"": 60}"
2025-12-14T06:49:34.967756+00:00,ETHUSDT,vol_spike,,0.2.0,"{""short_vol"": 0.00010876110832081153, ""long_vol"": 9.147693438745958e-05, ""ratio"": 1.1889457058119497, ""rolling_mean"": 3109.8475000000008, ""rolling_std"": 1.7277452976521968, ""history_length"": 60}"
2025-12-14T06:49:46.726211+00:00,ETHUSDT,vol_spike,,0.2.0,"{""short_vol"": 0.00010871947154525617, ""long_vol"": 9.058968680217257e-05, ""ratio"": 1.2001307806999593, ""rolling_mean"": 3109.9123333333337, ""rolling_std"": 1.6955848615149909, ""history_length"": 60}"
2025-12-14T06:49:58.675673+00:00,ETHUSDT,vol_spike,,0.2.0,"{""short_vol"": 0.00010863068002533236, ""long_vol"": 9.08231111215768e-05, ""ratio"": 1.1960686953337036, ""rolling_mean"": 3109.969166666667, ""rolling_std"": 1.6692790402219229, ""history_length"": 60}"
2025-12-14T06:50:10.457625+00:00,ETHUSDT,vol_spike,,0.2.0,"{""short_vol"": 0.00011401548330767605, ""long_vol"": 9.501650084964688e-05, ""ratio"": 1.1999545582939637, ""rolling_mean"": 3110.0160000000005, ""rolling_std"": 1.6367911973519238, ""history_length"": 60}"
2025-12-14T06:50:22.220373+00:00,ETHUSDT,vol_spike,,0.2.0,"{""short_vol"": 9.709321586329943e-05, ""long_vol"": 9.501650084964688e-05, ""ratio"": 1.0218563617380387, ""rolling_mean"": 3110.0626666666667, ""rolling_std"": 1.602528581057843, ""history_length"": 60}"
2025-12-14T06:53:42.895942+00:00,ETHUSDT,vol_spike,,0.2.0,"{""short_vol"": 9.323871132203451e-05, ""long_vol"": 9.264751604042926e-05, ""ratio"": 1.006381123929402, ""rolling_mean"": 3110.5748333333336, ""rolling_std"": 0.9861455382441218, ""history_length"": 60}"
2025-12-14T06:55:05.680279+00:00,BTCUSDT,vol_spike,,0.2.0,"{""short_vol"": 9.016549032617429e-05, ""long_vol"": 5.910145304210368e-05, ""ratio"": 1.5256053055403003, ""rolling_mean"": 90148.99783333334, ""rolling_std"": 11.222577741240977, ""history_length"": 60}"
2025-12-14T06:55:17.582002+00:00,BTCUSDT,vol_spike,,0.2.0,"{""short_vol"": 9.128152360296818e-05, ""long_vol"": 5.994714541708622e-05, ""ratio"": 1.5227000880170516, ""rolling_mean"": 90149.37516666668, ""rolling_std"": 11.727313113118361, ""history_length"": 60}"
2025-12-14T06:55:29.322444+00:00,BTCUSDT,vol_spike,,0.2.0,"{""short_vol"": 9.153798047762028e-05, ""long_vol"": 6.0626262281611054e-05, ""ratio"": 1.5098733953352301, ""rolling_mean"": 90149.65416666669, ""rolling_std"": 12.010006180112608, ""history_length"": 60}"
2025-12-14T06:55:29.322444+00:00,ETHUSDT,vol_spike,,0.2.0,"{""short_vol"": 0.00010705763234527792, ""long_vol"": 9.994470194888516e-05, ""ratio"": 1.0711686588452736, ""rolling_mean"": 3110.6359999999995, ""rolling_std"": 0.948224388805387, ""history_length"": 60}"
2025-12-14T06:55:41.063565+00:00,BTCUSDT,vol_spike,,0.2.0,"{""short_vol"": 9.609322583911248e-05, ""long_vol"": 6.464304051358047e-05, ""ratio"": 1.4865208238298264, ""rolling_mean"": 90149.67916666668, ""rolling_std"": 12.018562379364775, ""history_length"": 60}"
2025-12-14T06:55:41.063565+00:00,ETHUSDT,vol_spike,,0.2.0,"{""short_vol"": 0.00011072874466215862, ""long_vol"": 9.992813691344928e-05, ""ratio"": 1.1080837498057636, ""rolling_mean"": 3110.6249999999995, ""rolling_std"": 0.9561017249615745, ""history_length"": 60}"
2025-12-14T06:55:52.819174+00:00,BTCUSDT,vol_spike,,0.2.0,"{""short_vol"": 9.517375042663447e-05, ""long_vol"": 6.373648970092117e-05, ""ratio"": 1.4932380316711877, ""rolling_mean"": 90149.70400000001, ""rolling_std"": 12.027013690235052, ""history_length"": 60}"
2025-12-14T06:55:52.819174+00:00,ETHUSDT,vol_spike,,0.2.0,"{""short_vol"": 0.00011119626167258342, ""long_vol"": 9.810648312523528e-05, ""ratio"": 1.1334241951231574, ""rolling_mean"": 3110.6088333333328, ""rolling_std"": 0.9621340892254227, ""history_length"": 60}"
2025-12-14T06:56:04.762046+00:00,BTCUSDT,vol_spike,,0.2.0,"{""short_vol"": 9.517443720693679e-05, ""long_vol"": 6.120998669260382e-05, ""ratio"": 1.5548841349190652, ""rolling_mean"": 90149.60583333336, ""rolling_std"": 11.962594425771417, ""history_length"": 60}"
2025-12-14T06:56:04.762046+00:00,ETHUSDT,vol_spike,,0.2.0,"{""short_vol"": 0.00010777337671257502, ""long_vol"": 9.753219503006908e-05, ""ratio"": 1.1050030882556123, ""rolling_mean"": 3110.5904999999993, ""rolling_std"": 0.96096424914536, ""history_length"": 60}"
2025-12-14T06:56:16.556838+00:00,BTCUSDT,vol_spike,,0.2.0,"{""short_vol"": 9.517375760840173e-05, ""long_vol"": 6.121039236355176e-05, ""ratio"": 1.5548627272821363, ""rolling_mean"": 90149.30783333335, ""rolling_std"": 11.603994503891677, ""history_length"": 60}"
2025-12-14T06:56:16.556838+00:00,ETHUSDT,vol_spike,,0.2.0,"{""short_vol"": 0.00010774615169649119, ""long_vol"": 9.533514129896796e-05, ""ratio"": 1.1301829548728806, ""rolling_mean"": 3110.5654999999992, ""rolling_std"": 0.9532076534042271, ""history_length"": 60}"
2025-12-14T06:56:28.462098+00:00,BTCUSDT,vol_spike,,0.2.0,"{""short_vol"": 9.517375760840172e-05, ""long_vol"": 6.118296533517112e-05, ""ratio"": 1.5555597393330485, ""rolling_mean"": 90149.01033333335, ""rolling_std"": 11.22696767951433, ""history_length"": 60}"
2025-12-14T06:56:28.462098+00:00,ETHUSDT,vol_spike,,0.2.0,"{""short_vol"": 0.00010756498025350202, ""long_vol"": 9.42239322601517e-05, ""ratio"": 1.1415887415578854, ""rolling_mean"": 3110.5328333333327, ""rolling_std"": 0.9338131988762015, ""history_length"": 60}"
2025-12-14T06:56:40.221551+00:00,BTCUSDT,vol_spike,,0.2.0,"{""short_vol"": 9.646567846822151e-05, ""long_vol"": 6.14997665017129e-05, ""ratio"": 1.568553572728357, ""rolling_mean"": 90148.6515, ""rolling_std"": 10.859042755984383, ""history_length"": 60}"
2025-12-14T06:56:40.221551+00:00,ETHUSDT,vol_spike,,0.2.0,"{""short_vol"": 9.919369308635355e-05, ""long_vol"": 9.633630993104489e-05, ""ratio"": 1.029660500359147, ""rolling_mean"": 3110.486333333333, ""rolling_std"": 0.9088994400319158, ""history_length"": 60}"
2025-12-14T06:56:52.163428+00:00,BTCUSDT,vol_spike,,0.2.0,"{""short_vol"": 9.717254772421811e-05, ""long_vol"": 6.171949329733727e-05, ""ratio"": 1.5744223183441197, ""rolling_mean"": 90148.27383333333, ""rolling_std"": 10.567682601450464, ""history_length"": 60}"
2025-12-14T06:57:03.915091+00:00,BTCUSDT,vol_spike,,0.2.0,"{""short_vol"": 9.717254775587638e-05, ""long_vol"": 6.171962694174168e-05, ""ratio"": 1.5744189096865309, ""rolling_mean"": 90147.89633333332, ""rolling_std"": 10.253878797582292, ""history_length"": 60}"
2025-12-14T06:57:03.915091+00:00,ETHUSDT,vol_spike,,0.2.0,"{""short_vol"": 9.801935240951685e-05, ""long_vol"": 9.700400049867647e-05, ""ratio"": 1.0104671137852117, ""rolling_mean"": 3110.3964999999994, ""rolling_std"": 0.8465940235307126, ""history_length"": 60}"
2025-12-14T06:57:15.830466+00:00,BTCUSDT,vol_spike,,0.2.0,"{""short_vol"": 9.717254772283341e-05, ""long_vol"": 6.171936306610704e-05, ""ratio"": 1.5744256404388488, ""rolling_mean"": 90147.51866666666, ""rolling_std"": 9.915597107019286, ""history_length"": 60}"
2025-12-14T06:57:15.830466+00:00,ETHUSDT,vol_spike,,0.2.0,"{""short_vol"": 0.00010023049143439999, ""long_vol"": 9.781195851479903e-05, ""ratio"": 1.0247263520363417, ""rolling_mean"": 3110.357833333333, ""rolling_std"": 0.8060094032900932, ""history_length"": 60}"
2025-12-14T06:57:27.576932+00:00,BTCUSDT,vol_spike,,0.2.0,"{""short_vol"": 9.717254775449165e-05, ""long_vol"": 6.166520321849699e-05, ""ratio"": 1.5758084411103332, ""rolling_mean"": 90147.14099999999, ""rolling_std"": 9.54978120257119, ""history_length"": 60}"
2025-12-14T06:57:27.576932+00:00,ETHUSDT,vol_spike,,0.2.0,"{""short_vol"": 0.00010024253736481891, ""long_vol"": 9.782627464582572e-05, ""ratio"": 1.0246995270722628, ""rolling_mean"": 3110.319166666666, ""rolling_std"": 0.7607585234970436, ""history_length"": 60}"
2025-12-14T06:57:39.519458+00:00,BTCUSDT,vol_spike,,0.2.0,"{""short_vol"": 9.717254775449165e-05, ""long_vol"": 6.166508213566231e-05, ""ratio"": 1.5758115352982651, ""rolling_mean"": 90146.79966666664, ""rolling_std"": 9.234162982573624, ""history_length"": 60}"
2025-12-14T06:57:39.519458+00:00,ETHUSDT,vol_spike,,0.2.0,"{""short_vol"": 9.801397562938116e-05, ""long_vol"": 9.781822584116136e-05, ""ratio"": 1.0020011586443784, ""rolling_mean"": 3110.280666666666, ""rolling_std"": 0.7110075607280102, ""history_length"": 60}"
2025-12-14T06:57:51.276217+00:00,BTCUSDT,vol_spike,,0.2.0,"{""short_vol"": 9.717254775449164e-05, ""long_vol"": 6.152305439541318e-05, ""ratio"": 1.5794493415420592, ""rolling_mean"": 90146.45816666663, ""rolling_std"": 8.893688962495675, ""history_length"": 60}"
2025-12-14T06:57:51.276217+00:00,ETHUSDT,vol_spike,,0.2.0,"{""short_vol"": 9.801953537039706e-05, ""long_vol"": 9.781822186179179e-05, ""ratio"": 1.0020580368848835, ""rolling_mean"": 3110.241833333333, ""rolling_std"": 0.6546922984499481, ""history_length"": 60}"
2025-12-14T06:58:03.028795+00:00,BTCUSDT,vol_spike,,0.2.0,"{""short_vol"": 9.717254775449164e-05, ""long_vol"": 6.151511053409927e-05, ""ratio"": 1.5796533064933145, ""rolling_mean"": 90146.17016666663, ""rolling_std"": 8.639927512972095, ""history_length"": 60}"
2025-12-14T06:58:03.028795+00:00,ETHUSDT,vol_spike,,0.2.0,"{""short_vol"": 9.801953537039706e-05, ""long_vol"": 9.756853271704485e-05, ""ratio"": 1.004622419142657, ""rolling_mean"": 3110.203166666666, ""rolling_std"": 0.5910906084050059, ""history_length"": 60}"
2025-12-14T06:58:14.818667+00:00,BTCUSDT,vol_spike,,0.2.0,"{""short_vol"": 9.717254772144866e-05, ""long_vol"": 6.0681059360010726e-05, ""ratio"": 1.6013653806691137, ""rolling_mean"": 90145.89899999996, ""rolling_std"": 8.401719497133243, ""history_length"": 60}"
2025-12-14T06:58:14.818667+00:00,ETHUSDT,vol_spike,,0.2.0,"{""short_vol"": 9.801396704350055e-05, ""long_vol"": 9.065699744892816e-05, ""ratio"": 1.0811517014857783, ""rolling_mean"": 3110.162499999999, ""rolling_std"": 0.5069370468721882, ""history_length"": 60}"
2025-12-14T06:58:26.881417+00:00,BTCUSDT,vol_spike,,0.2.0,"{""short_vol"": 9.717222230374952e-05, ""long_vol"": 5.923787627644953e-05, ""ratio"": 1.640373160075306, ""rolling_mean"": 90145.74716666662, ""rolling_std"": 8.327847523734082, ""history_length"": 60}"
2025-12-14T06:58:26.881417+00:00,ETHUSDT,vol_spike,,0.2.0,"{""short_vol"": 9.801396704350055e-05, ""long_vol"": 8.429902678097658e-05, ""ratio"": 1.1626939335629312, ""rolling_mean"": 3110.1366666666654, ""rolling_std"": 0.46895725173491765, ""history_length"": 60}"
2025-12-14T06:58:38.634599+00:00,BTCUSDT,vol_spike,,0.2.0,"{""short_vol"": 9.717287983487885e-05, ""long_vol"": 5.923787627644953e-05, ""ratio"": 1.6403842599183567, ""rolling_mean"": 90145.74699999994, ""rolling_std"": 8.327857335271966, ""history_length"": 60}"
2025-12-14T06:58:38.634599+00:00,ETHUSDT,vol_spike,,0.2.0,"{""short_vol"": 9.801396704350055e-05, ""long_vol"": 8.429530321576763e-05, ""ratio"": 1.1627452930873, ""rolling_mean"": 3110.124333333332, ""rolling_std"": 0.4603328444545065, ""history_length"": 60}"
2025-12-14T07:04:09.898994+00:00,ETHUSDT,vol_spike,,0.2.0,"{""short_vol"": 0.00010949409573840739, ""long_vol"": 9.37945257932583e-05, ""ratio"": 1.167382582430813, ""rolling_mean"": 3110.1560000000013, ""rolling_std"": 0.39168129555560116, ""history_length"": 60}"
2025-12-14T07:04:21.661499+00:00,ETHUSDT,vol_spike,,0.2.0,"{""short_vol"": 0.00010949409573840739, ""long_vol"": 9.370115560277779e-05, ""ratio"": 1.168545841660478, ""rolling_mean"": 3110.1988333333347, ""rolling_std"": 0.4088308740980792, ""history_length"": 60}"
2025-12-14T07:04:33.436258+00:00,ETHUSDT,vol_spike,,0.2.0,"{""short_vol"": 0.00010949409573840739, ""long_vol"": 8.826405764800228e-05, ""ratio"": 1.2405286892097196, ""rolling_mean"": 3110.2391666666676, ""rolling_std"": 0.4275642152847446, ""history_length"": 60}"
2025-12-14T07:04:45.363926+00:00,ETHUSDT,vol_spike,,0.2.0,"{""short_vol"": 0.00012166234368428992, ""long_vol"": 9.33419535052898e-05, ""ratio"": 1.3034047297648979, ""rolling_mean"": 3110.279833333334, ""rolling_std"": 0.5104915931400253, ""history_length"": 60}"
2025-12-14T07:04:57.123422+00:00,ETHUSDT,vol_spike,,0.2.0,"{""short_vol"": 0.00012166234368428992, ""long_vol"": 9.333405648167864e-05, ""ratio"": 1.3035150112453548, ""rolling_mean"": 3110.315500000001, ""rolling_std"": 0.580465695565891, ""history_length"": 60}"
2025-12-14T07:05:09.046887+00:00,ETHUSDT,vol_spike,,0.2.0,"{""short_vol"": 0.00013864788837832285, ""long_vol"": 9.953086580501056e-05, ""ratio"": 1.3930139887454196, ""rolling_mean"": 3110.338166666668, ""rolling_std"": 0.6047060966096017, ""history_length"": 60}"
2025-12-14T07:05:20.808849+00:00,ETHUSDT,vol_spike,,0.2.0,"{""short_vol"": 0.00013867557779842878, ""long_vol"": 9.952585603873105e-05, ""ratio"": 1.3933623212892778, ""rolling_mean"": 3110.360666666668, ""rolling_std"": 0.627202199350454, ""history_length"": 60}"
2025-12-14T07:05:32.562041+00:00,ETHUSDT,vol_spike,,0.2.0,"{""short_vol"": 0.00013869199443080387, ""long_vol"": 9.869876451691689e-05, ""ratio"": 1.4052049699875642, ""rolling_mean"": 3110.3831666666674, ""rolling_std"": 0.647771909183834, ""history_length"": 60}"
2025-12-14T07:05:44.304924+00:00,ETHUSDT,vol_spike,,0.2.0,"{""short_vol"": 0.0001386919944308039, ""long_vol"": 9.869876451691689e-05, ""ratio"": 1.4052049699875646, ""rolling_mean"": 3110.4103333333337, ""rolling_std"": 0.6649556291216303, ""history_length"": 60}"
2025-12-14T07:05:56.210307+00:00,ETHUSDT,vol_spike,,0.2.0,"{""short_vol"": 0.0001416416857110623, ""long_vol"": 0.00010023028088041781, ""ratio"": 1.413162613801825, ""rolling_mean"": 3110.431000000001, ""rolling_std"": 0.6709131141806937, ""history_length"": 60}"
2025-12-14T07:06:07.960429+00:00,ETHUSDT,vol_spike,,0.2.0,"{""short_vol"": 0.0001482374961853659, ""long_vol"": 0.00010293959733527915, ""ratio"": 1.4400434820290713, ""rolling_mean"": 3110.4426666666673, ""rolling_std"": 0.6691985256010651, ""history_length"": 60}"
2025-12-14T07:06:19.889259+00:00,ETHUSDT,vol_spike,,0.2.0,"{""short_vol"": 0.00015087820970669026, ""long_vol"": 0.00010506266380952665, ""ratio"": 1.4360782816265243, ""rolling_mean"": 3110.446333333334, ""rolling_std"": 0.6672203068350675, ""history_length"": 60}"
2025-12-14T07:06:31.641287+00:00,ETHUSDT,vol_spike,,0.2.0,"{""short_vol"": 0.00015240062662314548, ""long_vol"": 0.00010573207031833665, ""ratio"": 1.4413850609781855, ""rolling_mean"": 3110.4453333333345, ""rolling_std"": 0.6679756076604533, ""history_length"": 60}"
2025-12-14T07:06:43.404656+00:00,BTCUSDT,vol_spike,,0.2.0,"{""short_vol"": 6.14490780990603e-05, ""long_vol"": 4.373688828981513e-05, ""ratio"": 1.4049714211920685, ""rolling_mean"": 90145.24133333337, ""rolling_std"": 8.374326477683395, ""history_length"": 60}"
2025-12-14T07:06:43.404656+00:00,ETHUSDT,vol_spike,,0.2.0,"{""short_vol"": 0.00015130736857470284, ""long_vol"": 0.00010099417417337527, ""ratio"": 1.4981791753151585, ""rolling_mean"": 3110.4425000000006, ""rolling_std"": 0.6703392133964147, ""history_length"": 60}"
2025-12-14T07:06:55.150975+00:00,BTCUSDT,vol_spike,,0.2.0,"{""short_vol"": 4.5959999239593804e-05, ""long_vol"": 4.22393846967567e-05, ""ratio"": 1.088084013759859, ""rolling_mean"": 90144.71616666671, ""rolling_std"": 7.871601627062085, ""history_length"": 60}"
2025-12-14T07:06:55.150975+00:00,ETHUSDT,vol_spike,,0.2.0,"{""short_vol"": 0.00015006592325121596, ""long_vol"": 0.00010099417417337527, ""ratio"": 1.485886928424207, ""rolling_mean"": 3110.427333333334, ""rolling_std"": 0.674237464245401, ""history_length"": 60}"
2025-12-14T07:07:07.084254+00:00,BTCUSDT,vol_spike,,0.2.0,"{""short_vol"": 4.834522136836579e-05, ""long_vol"": 4.270506768202655e-05, ""ratio"": 1.1320722338701044, ""rolling_mean"": 90144.17583333336, ""rolling_std"": 6.748252326587727, ""history_length"": 60}"
2025-12-14T07:07:07.084254+00:00,ETHUSDT,vol_spike,,0.2.0,"{""short_vol"": 0.0001551276433584741, ""long_vol"": 0.00010030440352071402, ""ratio"": 1.5465686242422891, ""rolling_mean"": 3110.421000000001, ""rolling_std"": 0.6732257283823249, ""history_length"": 60}"
2025-12-14T07:07:18.852680+00:00,BTCUSDT,vol_spike,,0.2.0,"{""short_vol"": 4.834623756360261e-05, ""long_vol"": 3.6759694165798714e-05, ""ratio"": 1.315196947655349, ""rolling_mean"": 90143.73350000003, ""rolling_std"": 5.857161580465016, ""history_length"": 60}"
2025-12-14T07:07:18.852680+00:00,ETHUSDT,vol_spike,,0.2.0,"{""short_vol"": 0.0001518533794577013, ""long_vol"": 9.821894961402209e-05, ""ratio"": 1.5460700817352475, ""rolling_mean"": 3110.4263333333342, ""rolling_std"": 0.6719865986018962, ""history_length"": 60}"
2025-12-14T07:07:30.622240+00:00,BTCUSDT,vol_spike,,0.2.0,"{""short_vol"": 4.834522121435765e-05, ""long_vol"": 3.6759694165798714e-05, ""ratio"": 1.315169299186883, ""rolling_mean"": 90143.54533333334, ""rolling_std"": 5.685559306944261, ""history_length"": 60}"
2025-12-14T07:07:30.622240+00:00,ETHUSDT,vol_spike,,0.2.0,"{""short_vol"": 0.00015185337924607993, ""long_vol"": 9.805096953719038e-05, ""ratio"": 1.5487187935299558, ""rolling_mean"": 3110.4395000000013, ""rolling_std"": 0.6638087967510309, ""history_length"": 60}"
2025-12-14T07:07:42.362080+00:00,BTCUSDT,vol_spike,,0.2.0,"{""short_vol"": 4.8344218395417246e-05, ""long_vol"": 3.675991477863729e-05, ""ratio"": 1.3151341260320895, ""rolling_mean"": 90143.35733333333, ""rolling_std"": 5.502067983077389, ""history_length"": 60}"
2025-12-14T07:07:42.362080+00:00,ETHUSDT,vol_spike,,0.2.0,"{""short_vol"": 0.0001518533791902225, ""long_vol"": 9.710467466463805e-05, ""ratio"": 1.5638112141837177, ""rolling_mean"": 3110.4503333333346, ""rolling_std"": 0.658143167843076, ""history_length"": 60}"
2025-12-14T07:07:54.280403+00:00,ETHUSDT,vol_spike,,0.2.0,"{""short_vol"": 0.00011450429670673804, ""long_vol"": 9.77376126565618e-05, ""ratio"": 1.171547918907047, ""rolling_mean"": 3110.4513333333352, ""rolling_std"": 0.6576626992529603, ""history_length"": 60}"
2025-12-14T07:08:06.191012+00:00,ETHUSDT,vol_spike,,0.2.0,"{""short_vol"": 0.00011443432166175494, ""long_vol"": 9.791534082041146e-05, ""ratio"": 1.168706769571903, ""rolling_mean"": 3110.4498333333345, ""rolling_std"": 0.6585332743653223, ""history_length"": 60}"
2025-12-14T07:08:17.945936+00:00,ETHUSDT,vol_spike,,0.2.0,"{""short_vol"": 0.00011433949480768065, ""long_vol"": 9.562114570212486e-05, ""ratio"": 1.1957553318161072, ""rolling_mean"": 3110.445833333334, ""rolling_std"": 0.66129377985644, ""history_length"": 60}"
2025-12-14T07:18:10.924167+00:00,BTCUSDT,vol_spike,,0.2.0,"{""short_vol"": 2.2958063380797084e-05, ""long_vol"": 1.6260771995497422e-05, ""ratio"": 1.4118679843216626, ""rolling_mean"": 90141.91616666669, ""rolling_std"": 1.9952163908535265, ""history_length"": 60}"
2025-12-14T07:18:22.693283+00:00,BTCUSDT,vol_spike,,0.2.0,"{""short_vol"": 2.2959489855427585e-05, ""long_vol"": 1.626098034009696e-05, ""ratio"": 1.4119376184726808, ""rolling_mean"": 90141.83766666669, ""rolling_std"": 2.270748675662632, ""history_length"": 60}"
2025-12-14T07:18:34.536611+00:00,BTCUSDT,vol_spike,,0.2.0,"{""short_vol"": 2.2958093168343936e-05, ""long_vol"": 1.6260771996861443e-05, ""ratio"": 1.4118698160687062, ""rolling_mean"": 90141.75916666671, ""rolling_std"": 2.5141149277746933, ""history_length"": 60}"
2025-12-14T07:18:46.281215+00:00,BTCUSDT,vol_spike,,0.2.0,"{""short_vol"": 2.295951964112356e-05, ""long_vol"": 1.3279779591016984e-05, ""ratio"": 1.7289081858447688, ""rolling_mean"": 90141.68066666671, ""rolling_std"": 2.733334628634337, ""history_length"": 60}"
2025-12-14T07:18:46.281215+00:00,ETHUSDT,vol_spike,,0.2.0,"{""short_vol"": 9.45276723240948e-05, ""long_vol"": 7.683546484126119e-05, ""ratio"": 1.230260954617571, ""rolling_mean"": 3110.7916666666656, ""rolling_std"": 0.7353776077558224, ""history_length"": 60}"
2025-12-14T07:18:58.372071+00:00,BTCUSDT,vol_spike,,0.2.0,"{""short_vol"": 2.2956694972755165e-05, ""long_vol"": 1.3279779556481817e-05, ""ratio"": 1.7286954858787604, ""rolling_mean"": 90141.49683333338, ""rolling_std"": 2.989682536101498, ""history_length"": 60}"
2025-12-14T07:18:58.372071+00:00,ETHUSDT,vol_spike,,0.2.0,"{""short_vol"": 0.00010773774166866575, ""long_vol"": 8.294905599374711e-05, ""ratio"": 1.2988422879313692, ""rolling_mean"": 3110.791499999999, ""rolling_std"": 0.7354828346059334, ""history_length"": 60}"
2025-12-14T07:19:10.129586+00:00,BTCUSDT,vol_spike,,0.2.0,"{""short_vol"": 2.2956694972755165e-05, ""long_vol"": 1.3279779556481817e-05, ""ratio"": 1.7286954858787604, ""rolling_mean"": 90141.31316666673, ""rolling_std"": 3.215148725594093, ""history_length"": 60}"
2025-12-14T07:19:10.129586+00:00,ETHUSDT,vol_spike,,0.2.0,"{""short_vol"": 0.00010741233704937075, ""long_vol"": 8.294832545762562e-05, ""ratio"": 1.2949307470256604, ""rolling_mean"": 3110.789833333332, ""rolling_std"": 0.7364286050904448, ""history_length"": 60}"
2025-12-14T07:19:21.891599+00:00,BTCUSDT,vol_spike,,0.2.0,"{""short_vol"": 2.2956694972755165e-05, ""long_vol"": 1.3279472991437027e-05, ""ratio"": 1.728735393908951, ""rolling_mean"": 90141.12950000007, ""rolling_std"": 3.415779646468442, ""history_length"": 60}"
2025-12-14T07:19:21.891599+00:00,ETHUSDT,vol_spike,,0.2.0,"{""short_vol"": 0.00010718708652674354, ""long_vol"": 8.29469075353406e-05, ""ratio"": 1.2922372842058651, ""rolling_mean"": 3110.7883333333325, ""rolling_std"": 0.7372858302450999, ""history_length"": 60}"
2025-12-14T07:19:33.832052+00:00,BTCUSDT,vol_spike,,0.2.0,"{""short_vol"": 2.2958093174298503e-05, ""long_vol"": 1.3279763578695818e-05, ""ratio"": 1.7288028539249927, ""rolling_mean"": 90140.94566666675, ""rolling_std"": 3.59562981761483, ""history_length"": 60}"
2025-12-14T07:19:33.832052+00:00,ETHUSDT,vol_spike,,0.2.0,"{""short_vol"": 0.00011057989004788156, ""long_vol"": 8.327988339648973e-05, ""ratio"": 1.32781033711849, ""rolling_mean"": 3110.7919999999995, ""rolling_std"": 0.7360195281123251, ""history_length"": 60}"
2025-12-14T07:19:45.615240+00:00,BTCUSDT,vol_spike,,0.2.0,"{""short_vol"": 2.295666518934885e-05, ""long_vol"": 1.3279763578695818e-05, ""ratio"": 1.7286953230234678, ""rolling_mean"": 90140.76200000009, ""rolling_std"": 3.757877060257836, ""history_length"": 60}"
2025-12-14T07:19:45.615240+00:00,ETHUSDT,vol_spike,,0.2.0,"{""short_vol"": 0.00011057989004788156, ""long_vol"": 8.30418371609395e-05, ""ratio"": 1.3316166143286527, ""rolling_mean"": 3110.7999999999997, ""rolling_std"": 0.7317404374479992, ""history_length"": 60}"
2025-12-14T07:19:57.381978+00:00,BTCUSDT,vol_spike,,0.2.0,"{""short_vol"": 2.295666518934885e-05, ""long_vol"": 1.3279763578695818e-05, ""ratio"": 1.7286953230234678, ""rolling_mean"": 90140.57833333341, ""rolling_std"": 3.9046274878947203, ""history_length"": 60}"
2025-12-14T07:19:57.381978+00:00,ETHUSDT,vol_spike,,0.2.0,"{""short_vol"": 0.00011687973198433456, ""long_vol"": 8.503392443361444e-05, ""ratio"": 1.374507089527333, ""rolling_mean"": 3110.8183333333322, ""rolling_std"": 0.7258779994299892, ""history_length"": 60}"
2025-12-14T07:20:09.317362+00:00,BTCUSDT,vol_spike,,0.2.0,"{""short_vol"": 2.295666518934885e-05, ""long_vol"": 1.3279457013282139e-05, ""ratio"": 1.7287352311459383, ""rolling_mean"": 90140.39466666678, ""rolling_std"": 4.037571205929836, ""history_length"": 60}"
2025-12-14T07:20:09.317362+00:00,ETHUSDT,vol_spike,,0.2.0,"{""short_vol"": 0.00011688075593044429, ""long_vol"": 8.503730150841648e-05, ""ratio"": 1.3744645450546915, ""rolling_mean"": 3110.839166666666, ""rolling_std"": 0.7163662818122483, ""history_length"": 60}"
2025-12-14T07:20:21.257802+00:00,BTCUSDT,vol_spike,,0.2.0,"{""short_vol"": 2.2959489867336015e-05, ""long_vol"": 1.3279763617138361e-05, ""ratio"": 1.7289080234610024, ""rolling_mean"": 90140.2110000001, ""rolling_std"": 4.157583514252211, ""history_length"": 60}"
2025-12-14T07:20:21.257802+00:00,ETHUSDT,vol_spike,,0.2.0,"{""short_vol"": 0.0001230546582738456, ""long_vol"": 8.810408200670726e-05, ""ratio"": 1.3966964466467922, ""rolling_mean"": 3110.8509999999997, ""rolling_std"": 0.7062138246322308, ""history_length"": 60}"
2025-12-14T07:20:33.042838+00:00,BTCUSDT,vol_spike,,0.2.0,"{""short_vol"": 2.2958093180253077e-05, ""long_vol"": 1.3279763582603147e-05, ""ratio"": 1.7288028538647184, ""rolling_mean"": 90140.02716666677, ""rolling_std"": 4.266506565898408, ""history_length"": 60}"
2025-12-14T07:20:33.042838+00:00,ETHUSDT,vol_spike,,0.2.0,"{""short_vol"": 0.0001248389401323179, ""long_vol"": 8.919470997873056e-05, ""ratio"": 1.3996226924454047, ""rolling_mean"": 3110.8576666666663, ""rolling_std"": 0.6987406751244949, ""history_length"": 60}"
2025-12-14T07:20:44.811072+00:00,BTCUSDT,vol_spike,,0.2.0,"{""short_vol"": 2.2958093180253077e-05, ""long_vol"": 1.3279763582603146e-05, ""ratio"": 1.7288028538647187, ""rolling_mean"": 90139.8435000001, ""rolling_std"": 4.364979983259623, ""history_length"": 60}"
2025-12-14T07:20:44.811072+00:00,ETHUSDT,vol_spike,,0.2.0,"{""short_vol"": 0.0001248137799705508, ""long_vol"": 8.919237016192566e-05, ""ratio"": 1.399377320548335, ""rolling_mean"": 3110.8641666666663, ""rolling_std"": 0.6913614465078991, ""history_length"": 60}"
2025-12-14T07:20:56.725995+00:00,BTCUSDT,vol_spike,,0.2.0,"{""short_vol"": 2.295666519530379e-05, ""long_vol"": 1.3279763582603146e-05, ""ratio"": 1.728695322963253, ""rolling_mean"": 90139.65983333344, ""rolling_std"": 4.4535841561802645, ""history_length"": 60}"
2025-12-14T07:20:56.725995+00:00,ETHUSDT,vol_spike,,0.2.0,"{""short_vol"": 0.00011859444094931865, ""long_vol"": 8.823518776851353e-05, ""ratio"": 1.3440719507556682, ""rolling_mean"": 3110.8706666666662, ""rolling_std"": 0.6837431043662132, ""history_length"": 60}"
2025-12-14T07:21:08.497045+00:00,BTCUSDT,vol_spike,,0.2.0,"{""short_vol"": 2.295806339866084e-05, ""long_vol"": 1.3279763582603144e-05, ""ratio"": 1.7288006112350174, ""rolling_mean"": 90139.47616666676, ""rolling_std"": 4.532897861481361, ""history_length"": 60}"
2025-12-14T07:21:08.497045+00:00,ETHUSDT,vol_spike,,0.2.0,"{""short_vol"": 0.00011859444296340433, ""long_vol"": 8.823518784502333e-05, ""ratio"": 1.3440719724165389, ""rolling_mean"": 3110.8823333333326, ""rolling_std"": 0.6671171641731617, ""history_length"": 60}"
2025-12-14T07:21:20.415065+00:00,BTCUSDT,vol_spike,,0.2.0,"{""short_vol"": 2.2956635411858843e-05, ""long_vol"": 1.3279457017189562e-05, ""ratio"": 1.728732988264707, ""rolling_mean"": 90139.29250000008, ""rolling_std"": 4.603401330927429, ""history_length"": 60}"
2025-12-14T07:21:20.415065+00:00,ETHUSDT,vol_spike,,0.2.0,"{""short_vol"": 0.00011687663076732682, ""long_vol"": 8.823179479441477e-05, ""ratio"": 1.3246543498254364, ""rolling_mean"": 3110.8938333333326, ""rolling_std"": 0.650194473298047, ""history_length"": 60}"
2025-12-14T07:21:32.239272+00:00,BTCUSDT,vol_spike,,0.2.0,"{""short_vol"": 2.2956635411858843e-05, ""long_vol"": 1.3279747604797933e-05, ""ratio"": 1.7286951601071605, ""rolling_mean"": 90139.10866666677, ""rolling_std"": 4.665346270025034, ""history_length"": 60}"
2025-12-14T07:21:32.239272+00:00,ETHUSDT,vol_spike,,0.2.0,"{""short_vol"": 0.0001168694097238984, ""long_vol"": 8.823652480216841e-05, ""ratio"": 1.3245015030445344, ""rolling_mean"": 3110.9053333333327, ""rolling_std"": 0.6324219431078202, ""history_length"": 60}"
2025-12-14T07:21:44.154833+00:00,BTCUSDT,vol_spike,,0.2.0,"{""short_vol"": 2.2956635411858843e-05, ""long_vol"": 1.328124567330344e-05, ""ratio"": 1.7285001705829335, ""rolling_mean"": 90138.92500000009, ""rolling_std"": 4.719355205888948, ""history_length"": 60}"
2025-12-14T07:21:44.154833+00:00,ETHUSDT,vol_spike,,0.2.0,"{""short_vol"": 0.00011397567919307016, ""long_vol"": 8.823316604717083e-05, ""ratio"": 1.291755518918328, ""rolling_mean"": 3110.9166666666656, ""rolling_std"": 0.614283837300271, ""history_length"": 60}"
